Variable Type,Variable,Information,Variable Schema,Dashboard,Categories,Notes,Data Link,Reference,Emission Factor,Internal Model Variable,Default LHS Scalar Minimum at Final Time Period,Default LHS Scalar Maximum at Final Time Period,Emissions Total by Gas Component,Simplex Group
Input,:math:`\text{CH}_4` Production Process Emission Factor,Unitless emission factor (tonne/tonne) representing how tonnes of :math:`\text{CH}_4` emitted per tonne of production,"``ef_ippu_$UNIT-MASS$_$EMISSION-GAS$_per_$UNIT-MASS$_production_$CAT-INDUSTRY$`` (``$UNIT-MASS$ = tonne``, ``$EMISSION-GAS$ = ch4``)",,``chemicals``|``metals``|``plastic``,,,,1,0,1,1,0,
Input,:math:`\text{CO}_2` Clinker Production Process Emission Factor,Unitless emission factor (tonne/tonne) representing how tonnes of :math:`\text{CO}_2` emitted per tonne of production,"``ef_ippu_$UNIT-MASS$_$EMISSION-GAS$_per_$UNIT-MASS$_production_$CAT-INDUSTRY$_clinker`` (``$UNIT-MASS$ = tonne``, ``$EMISSION-GAS$ = co2``)",,``cement``,,,,1,0,1,1,0,
Input,:math:`\text{CO}_2` Product Use Emission Factor,Unitless carbon dioxide emission factor (tonne/tonne) representing how tonnes of :math:`\text{C}` are emitted per tonne of product use.,"``ef_ippu_$UNIT-MASS$_$EMISSION-GAS$_per_$UNIT-MASS$_product_use_$CAT-INDUSTRY$`` (``$UNIT-MASS$ = tonne``, ``$EMISSION-GAS$ = co2``)",,``product_use_lubricants``|``product_use_paraffin_wax``,,,,1,0,1,1,0,
Input,:math:`\text{CO}_2` Production Process Emission Factor,Unitless emission factor (tonne/tonne) representing how tonnes of :math:`\text{CO}_2` emitted per tonne of production,"``ef_ippu_$UNIT-MASS$_$EMISSION-GAS$_per_$UNIT-MASS$_production_$CAT-INDUSTRY$`` (``$UNIT-MASS$ = tonne``, ``$EMISSION-GAS$ = co2``)",,``chemicals``|``glass``|``lime_and_carbonite``|``metals``|``plastic``,,,,1,0,1,1,0,
Input,:math:`\text{N}_2\text{O}` GDP Production Process Emission Factor,Unitless emission factor (tonne/tonne) representing how tonnes of :math:`\text{N}_2\text{O}` emitted per billion $USD GDP.,"``ef_ippu_$UNIT-MASS$_$EMISSION-GAS$_per_mmm_gdp_$CAT-INDUSTRY$`` (``$UNIT-MASS$ = tonne``, ``$EMISSION-GAS$ = n2o``)",,``other_product_manufacturing``,,,,1,0,1,1,0,
Input,:math:`\text{N}_2\text{O}` Production Process Emission Factor,Unitless emission factor (tonne/tonne) representing how tonnes of :math:`\text{N}_2\text{O}` emitted per tonne of production,"``ef_ippu_$UNIT-MASS$_$EMISSION-GAS$_per_$UNIT-MASS$_production_$CAT-INDUSTRY$`` (``$UNIT-MASS$ = tonne``, ``$EMISSION-GAS$ = n2o``)",,``chemicals``|``electronics``,,,,1,0,1,1,0,
Input,:math:`\text{NF}_3` Production Process Emission Factor,Unitless emission factor (tonne/tonne) representing how tonnes of :math:`\text{NF}_3` emitted per tonne of production,"``ef_ippu_$UNIT-MASS$_$EMISSION-GAS$_per_$UNIT-MASS$_production_$CAT-INDUSTRY$`` (``$UNIT-MASS$ = tonne``, ``$EMISSION-GAS$ = nf3``)",,``chemicals``|``electronics``,,,,1,0,1,1,0,
Input,:math:`\text{SF}_6` GDP Production Process Emission Factor,Unitless emission factor (tonne/tonne) representing how tonnes of :math:`\text{SF}_6` emitted per billion $USD GDP.,"``ef_ippu_$UNIT-MASS$_$EMISSION-GAS$_per_mmm_gdp_$CAT-INDUSTRY$`` (``$UNIT-MASS$ = tonne``, ``$EMISSION-GAS$ = sf6``)",,``other_product_manufacturing``,,,,1,0,1,1,0,
Input,:math:`\text{SF}_6` Production Process Emission Factor,Unitless emission factor (tonne/tonne) representing how tonnes of :math:`\text{SF}_6` emitted per tonne of production,"``ef_ippu_$UNIT-MASS$_$EMISSION-GAS$_per_$UNIT-MASS$_production_$CAT-INDUSTRY$`` (``$UNIT-MASS$ = tonne``, ``$EMISSION-GAS$ = sf6``)",,``chemicals``|``electronics``|``metals``,,,,1,0,1,1,0,
Input,Average Lifespan of Housing Construction,"Average lifespan, in years, of housing construction. Used to estimate replacement of old stock housing. ",``timespan_ippu_average_lifetime_of_housing``,,none,,,,0,0,1,1,0,
Input,Average per Household Demand for Construction Materials,,``dem_ippu_average_materials_$UNIT-MASS$_per_household_$CAT-INDUSTRY$`` (``$UNIT-MASS$ = tonne``),,``cement``|``wood``,,,,0,0,1,1,0,
Input,Clinker Fraction of Cement,,``frac_ippu_$CAT-INDUSTRY$_clinker``,,``cement``,See Equation 2.2 in V3,,,0,0,1,1,0,
Input,COD Wastewater Factor,Mass of chemical oxygen demand (COD) generated per tonne of production.,"``qty_ippu_$CAT-INDUSTRY$_$UNIT-MASS$_cod_per_$UNIT-VOLUME$_ww`` (``$UNIT-MASS$ = tonne``, ``$UNIT-VOLUME$ = m3``)",,``cement``|``chemicals``|``electronics``|``glass``|``lime_and_carbonite``|``metals``|``paper``|``plastic``|``recycled_metals``|``recycled_paper``|``recycled_plastic``|``recycled_rubber_and_leather``|``recycled_textiles``|``rubber_and_leather``|``textiles``|``wood``,,,,0,0,1,1,0,
Input,Dodecafluoropentane Production Process Emission Factor," | Unitless emission factor for Dodecafluoropentane (:math:`\text{C}_5\text{F}_12`) per (tonne/tonne of production)
 | 
 | See `Minx et al. (2021) <https://doi.org/10.5194/essd-13-5213-2021>`_ for emissions by gas of HFCs and PFCs.","``ef_ippu_$UNIT-MASS$_$EMISSION-GAS$_per_$UNIT-MASS$_production_$CAT-INDUSTRY$`` (``$UNIT-MASS$ = tonne``, ``$EMISSION-GAS$ = c5f12``)",,``chemicals``,,,,1,0,1,1,0,
Input,Elasticity of Industrial Production to GDP,,``elasticity_ippu_$CAT-INDUSTRY$_production_to_gdp``,,``cement``|``chemicals``|``electronics``|``glass``|``lime_and_carbonite``|``metals``|``mining``|``paper``|``plastic``|``rubber_and_leather``|``textiles``|``wood``,,,,0,0,1,1,0,
Input,Elasticity of Product Use Rate to GDP per Capita,,``elasticity_ippu_$CAT-INDUSTRY$_product_use_rate_to_gdppc``,,``product_use_lubricants``|``product_use_paraffin_wax``|``product_use_ods_refrigeration``|``product_use_ods_other``,,,,0,0,1,1,0,
Input,HCFC-141b GDP Product Use Emission Factor,"Emission factor for 1,1-Dichloro-1-fluoroethane (HCFC-141b) per (tonne/mmm GDP)","``ef_ippu_$UNIT-MASS$_$EMISSION-GAS$_per_mmm_gdp_$CAT-INDUSTRY$`` (``$UNIT-MASS$ = tonne``, ``$EMISSION-GAS$ = ch3cci2f``)",,``product_use_ods_refrigeration``,"See V3, C7, Table 7.1 of IPCC GNGHGI (2019R) for gas specification",,,1,0,1,1,0,
Input,HCFC-142b GDP Product Use Emission Factor,"Emission factor for 1-Chloro-1,1-difluoroethane (HCFC-142b) per (tonne/mmm GDP)","``ef_ippu_$UNIT-MASS$_$EMISSION-GAS$_per_mmm_gdp_$CAT-INDUSTRY$`` (``$UNIT-MASS$ = tonne``, ``$EMISSION-GAS$ = ch3ccif2``)",,``product_use_ods_refrigeration``,"See V3, C7, Table 7.1 of IPCC GNGHGI (2019R) for gas specification",,,1,0,1,1,0,
Input,HFC-125 GDP Product Use Emission Factor," | Emission factor for Pentafluoroethane (HFC-125) per (tonne/mmm GDP)
 | 
 | See `Minx et al. (2021) <https://doi.org/10.5194/essd-13-5213-2021>`_ for emissions by gas of HFCs and PFCs.","``ef_ippu_$UNIT-MASS$_$EMISSION-GAS$_per_mmm_gdp_$CAT-INDUSTRY$`` (``$UNIT-MASS$ = tonne``, ``$EMISSION-GAS$ = c2hf5``)",,``product_use_ods_refrigeration``|``product_use_ods_other``,"See V3, C7, Table 7.1 of IPCC GNGHGI (2019R) for gas specification",,,1,0,1,1,0,
Input,HFC-125 Production Process Emission Factor," | Unitless emission factor for Pentafluoroethane (HFC-125, or :math:`\text{C}_2\text{HF}_5`) per (tonne/tonne of production)
 | 
 | See `Minx et al. (2021) <https://doi.org/10.5194/essd-13-5213-2021>`_ for emissions by gas of HFCs and PFCs.","``ef_ippu_$UNIT-MASS$_$EMISSION-GAS$_per_$UNIT-MASS$_production_$CAT-INDUSTRY$`` (``$UNIT-MASS$ = tonne``, ``$EMISSION-GAS$ = c2hf5``)",,``chemicals``,,,,1,0,1,1,0,
Input,HFC-134 GDP Product Use Emission Factor,"Emission factor for 1,1,2,2-Tetrafluoroethane (HFC-134, or :math:`\text{CHF}_2\text{CHF}_2`) per (tonne/mmm GDP)","``ef_ippu_$UNIT-MASS$_$EMISSION-GAS$_per_mmm_gdp_$CAT-INDUSTRY$`` (``$UNIT-MASS$ = tonne``, ``$EMISSION-GAS$ = chf2chf2``)",,``product_use_ods_refrigeration``,"See V3, C7, Table 7.1 of IPCC GNGHGI (2019R) for gas specification",,,1,0,1,1,0,
Input,HFC-134a GDP Product Use Emission Factor," | Emission factor for Trifluoromethane (HFC-134a) per (tonne/mmm GDP)
 | 
 | See `Minx et al. (2021) <https://doi.org/10.5194/essd-13-5213-2021>`_ for emissions by gas of HFCs and PFCs.","``ef_ippu_$UNIT-MASS$_$EMISSION-GAS$_per_mmm_gdp_$CAT-INDUSTRY$`` (``$UNIT-MASS$ = tonne``, ``$EMISSION-GAS$ = chf2cf3``)",,``product_use_ods_refrigeration``|``product_use_ods_other``,"See V3, C7, Table 7.1 of IPCC GNGHGI (2019R) for gas specification",,,1,0,1,1,0,
Input,HFC-134a Production Process Emission Factor," | Unitless emission factor for 1,1,1,2-Tetrafluoroethane (HFC-134a, or :math:`\text{CHF}_2\text{CF}_3`) per (tonne/tonne of production)
 | 
 | See `Minx et al. (2021) <https://doi.org/10.5194/essd-13-5213-2021>`_ for emissions by gas of HFCs and PFCs.","``ef_ippu_$UNIT-MASS$_$EMISSION-GAS$_per_$UNIT-MASS$_production_$CAT-INDUSTRY$`` (``$UNIT-MASS$ = tonne``, ``$EMISSION-GAS$ = chf2cf3``)",,``chemicals``,,,,1,0,1,1,0,
Input,HFC-143 GDP Product Use Emission Factor,"Emission factor for 1,1,2-Trifluoroethane (HFC-143, or :math:`\text{CH}_2\text{FCHF}_2`) per (tonne/mmm GDP)","``ef_ippu_$UNIT-MASS$_$EMISSION-GAS$_per_mmm_gdp_$CAT-INDUSTRY$`` (``$UNIT-MASS$ = tonne``, ``$EMISSION-GAS$ = ch2fchf2``)",,``product_use_ods_refrigeration``,"See V3, C7, Table 7.1 of IPCC GNGHGI (2019R) for gas specification",,,1,0,1,1,0,
Input,HFC-143a GDP Product Use Emission Factor," | Emission factor for Trifluoromethane (HFC-143a) per (tonne/mmm GDP)
 | 
 | See `Minx et al. (2021) <https://doi.org/10.5194/essd-13-5213-2021>`_ for emissions by gas of HFCs and PFCs.","``ef_ippu_$UNIT-MASS$_$EMISSION-GAS$_per_mmm_gdp_$CAT-INDUSTRY$`` (``$UNIT-MASS$ = tonne``, ``$EMISSION-GAS$ = c2h3f3``)",,``product_use_ods_refrigeration``,"See V3, C7, Table 7.1 of IPCC GNGHGI (2019R) for gas specification",,,1,0,1,1,0,
Input,HFC-143a Production Process Emission Factor," | Unitless emission factor for 1,1,1-Trifluoroethane (HFC-143a, or :math:`\text{C}_2\text{H}_3\text{F}_3`) per (tonne/tonne of production)
 | 
 | See `Minx et al. (2021) <https://doi.org/10.5194/essd-13-5213-2021>`_ for emissions by gas of HFCs and PFCs.","``ef_ippu_$UNIT-MASS$_$EMISSION-GAS$_per_$UNIT-MASS$_production_$CAT-INDUSTRY$`` (``$UNIT-MASS$ = tonne``, ``$EMISSION-GAS$ = c2h3f3``)",,``chemicals``,,,,1,0,1,1,0,
Input,HFC-152a GDP Product Use Emission Factor," | Emission factor for Trifluoromethane (HFC-152a) per (tonne/mmm GDP)
 | 
 | See `Minx et al. (2021) <https://doi.org/10.5194/essd-13-5213-2021>`_ for emissions by gas of HFCs and PFCs.","``ef_ippu_$UNIT-MASS$_$EMISSION-GAS$_per_mmm_gdp_$CAT-INDUSTRY$`` (``$UNIT-MASS$ = tonne``, ``$EMISSION-GAS$ = ch3chf2``)",,``product_use_ods_refrigeration``|``product_use_ods_other``,"See V3, C7, Table 7.1 of IPCC GNGHGI (2019R) for gas specification",,,1,0,1,1,0,
Input,HFC-152a Production Process Emission Factor," | Unitless emission factor for 1,1-Difluoroethane (HFC-152a, or :math:`\text{CH}_3\text{CHF}_2`) per (tonne/tonne of production)
 | 
 | See `Minx et al. (2021) <https://doi.org/10.5194/essd-13-5213-2021>`_ for emissions by gas of HFCs and PFCs.","``ef_ippu_$UNIT-MASS$_$EMISSION-GAS$_per_$UNIT-MASS$_production_$CAT-INDUSTRY$`` (``$UNIT-MASS$ = tonne``, ``$EMISSION-GAS$ = ch3chf2``)",,``chemicals``,,,,1,0,1,1,0,
Input,HFC-227ea GDP Product Use Emission Factor," | Emission factor for Trifluoromethane (HFC-227ea) per (tonne/mmm GDP)
 | 
 | See `Minx et al. (2021) <https://doi.org/10.5194/essd-13-5213-2021>`_ for emissions by gas of HFCs and PFCs.","``ef_ippu_$UNIT-MASS$_$EMISSION-GAS$_per_mmm_gdp_$CAT-INDUSTRY$`` (``$UNIT-MASS$ = tonne``, ``$EMISSION-GAS$ = c3hf7``)",,``product_use_ods_refrigeration``|``product_use_ods_other``,"See V3, C7, Table 7.1 of IPCC GNGHGI (2019R) for gas specification",,,1,0,1,1,0,
Input,HFC-227ea Production Process Emission Factor," | Unitless emission factor for 1,1,1,2,3,3,3-Heptafluoropropane (HFC-227ea, or :math:`\text{C}_3\text{HF}_7`) per (tonne/tonne of production)
 | 
 | See `Minx et al. (2021) <https://doi.org/10.5194/essd-13-5213-2021>`_ for emissions by gas of HFCs and PFCs.","``ef_ippu_$UNIT-MASS$_$EMISSION-GAS$_per_$UNIT-MASS$_production_$CAT-INDUSTRY$`` (``$UNIT-MASS$ = tonne``, ``$EMISSION-GAS$ = c3hf7``)",,``chemicals``,,,,1,0,1,1,0,
Input,HFC-23 GDP Product Use Emission Factor," | Emission factor for Trifluoromethane (HFC-23) per (tonne/mmm GDP)
 | 
 | See `Minx et al. (2021) <https://doi.org/10.5194/essd-13-5213-2021>`_ for emissions by gas of HFCs and PFCs.","``ef_ippu_$UNIT-MASS$_$EMISSION-GAS$_per_mmm_gdp_$CAT-INDUSTRY$`` (``$UNIT-MASS$ = tonne``, ``$EMISSION-GAS$ = chf3``)",,``product_use_ods_refrigeration``|``product_use_ods_other``,,,,1,0,1,1,0,
Input,HFC-23 Production Process Emission Factor," | Unitless emission factor for Trifluoromethane (HFC-23, or :math:`\text{CHF}_3`) per (tonne/tonne of production)
 | 
 | See `Minx et al. (2021) <https://doi.org/10.5194/essd-13-5213-2021>`_ for emissions by gas of HFCs and PFCs.","``ef_ippu_$UNIT-MASS$_$EMISSION-GAS$_per_$UNIT-MASS$_production_$CAT-INDUSTRY$`` (``$UNIT-MASS$ = tonne``, ``$EMISSION-GAS$ = chf3``)",,``chemicals``|``electronics``,,,,1,0,1,1,0,
Input,HFC-236fa GDP Product Use Emission Factor," | Emission factor for Trifluoromethane (HFC-236fa) per (tonne/mmm GDP)
 | 
 | See `Minx et al. (2021) <https://doi.org/10.5194/essd-13-5213-2021>`_ for emissions by gas of HFCs and PFCs.","``ef_ippu_$UNIT-MASS$_$EMISSION-GAS$_per_mmm_gdp_$CAT-INDUSTRY$`` (``$UNIT-MASS$ = tonne``, ``$EMISSION-GAS$ = c3h2f6``)",,``product_use_ods_refrigeration``|``product_use_ods_other``,"See V3, C7, Table 7.1 of IPCC GNGHGI (2019R) for gas specification",,,1,0,1,1,0,
Input,HFC-245fa GDP Product Use Emission Factor," | Emission factor for Trifluoromethane (HFC-245fa) per (tonne/mmm GDP)
 | 
 | See `Minx et al. (2021) <https://doi.org/10.5194/essd-13-5213-2021>`_ for emissions by gas of HFCs and PFCs.","``ef_ippu_$UNIT-MASS$_$EMISSION-GAS$_per_mmm_gdp_$CAT-INDUSTRY$`` (``$UNIT-MASS$ = tonne``, ``$EMISSION-GAS$ = c3h3f5``)",,``product_use_ods_refrigeration``|``product_use_ods_other``,"See V3, C7, Table 7.1 of IPCC GNGHGI (2019R) for gas specification",,,1,0,1,1,0,
Input,HFC-32 GDP Product Use Emission Factor," | Emission factor for Difluoromethane (HFC-32) per (tonne/mmm GDP)
 | 
 | See `Minx et al. (2021) <https://doi.org/10.5194/essd-13-5213-2021>`_ for emissions by gas of HFCs and PFCs.","``ef_ippu_$UNIT-MASS$_$EMISSION-GAS$_per_mmm_gdp_$CAT-INDUSTRY$`` (``$UNIT-MASS$ = tonne``, ``$EMISSION-GAS$ = ch2f2``)",,``product_use_ods_refrigeration``,"See V3, C7, Table 7.1 of IPCC GNGHGI (2019R) for gas specification",,,1,0,1,1,0,
Input,HFC-32 Production Process Emission Factor," | Unitless emission factor for Difluoromethane (HFC-32, or :math:`\text{CH}_2\text{F}_2`) per (tonne/tonne of production)
 | 
 | See `Minx et al. (2021) <https://doi.org/10.5194/essd-13-5213-2021>`_ for emissions by gas of HFCs and PFCs.","``ef_ippu_$UNIT-MASS$_$EMISSION-GAS$_per_$UNIT-MASS$_production_$CAT-INDUSTRY$`` (``$UNIT-MASS$ = tonne``, ``$EMISSION-GAS$ = ch2f2``)",,``chemicals``|``electronics``,,,,1,0,1,1,0,
Input,HFC-365mfc GDP Product Use Emission Factor," | Emission factor for Trifluoromethane (HFC-365mfc) per (tonne/mmm GDP)
 | 
 | See `Minx et al. (2021) <https://doi.org/10.5194/essd-13-5213-2021>`_ for emissions by gas of HFCs and PFCs.","``ef_ippu_$UNIT-MASS$_$EMISSION-GAS$_per_mmm_gdp_$CAT-INDUSTRY$`` (``$UNIT-MASS$ = tonne``, ``$EMISSION-GAS$ = c4h5f5``)",,``product_use_ods_other``,"See V3, C7, Table 7.1 of IPCC GNGHGI (2019R) for gas specification",,,1,0,1,1,0,
Input,HFC-365mfc Production Process Emission Factor," | Unitless emission factor for 1,1,1,3,3-Pentafluorobutane (HFC-365mfc, or :math:`\text{C}_4\text{H}_5\text{F}_5`) per (tonne/tonne of production)
 | 
 | See `Minx et al. (2021) <https://doi.org/10.5194/essd-13-5213-2021>`_ for emissions by gas of HFCs and PFCs.","``ef_ippu_$UNIT-MASS$_$EMISSION-GAS$_per_$UNIT-MASS$_production_$CAT-INDUSTRY$`` (``$UNIT-MASS$ = tonne``, ``$EMISSION-GAS$ = c4h5f5``)",,``chemicals``,,,,1,0,1,1,0,
Input,HFC-41 Production Process Emission Factor," | Unitless emission factor for Fluoromethane (HFC-41, or :math:`\text{CH}_3\text{F}`) per (tonne/tonne of production)
 | 
 | See `Minx et al. (2021) <https://doi.org/10.5194/essd-13-5213-2021>`_ for emissions by gas of HFCs and PFCs.","``ef_ippu_$UNIT-MASS$_$EMISSION-GAS$_per_$UNIT-MASS$_production_$CAT-INDUSTRY$`` (``$UNIT-MASS$ = tonne``, ``$EMISSION-GAS$ = ch3f``)",,``electronics``,,,,1,0,1,1,0,
Input,HFC-43-10mee GDP Product Use Emission Factor," | Emission factor for Trifluoromethane (HFC-43-10mee) per (tonne/mmm GDP)
 | 
 | See `Minx et al. (2021) <https://doi.org/10.5194/essd-13-5213-2021>`_ for emissions by gas of HFCs and PFCs.","``ef_ippu_$UNIT-MASS$_$EMISSION-GAS$_per_mmm_gdp_$CAT-INDUSTRY$`` (``$UNIT-MASS$ = tonne``, ``$EMISSION-GAS$ = c5h2f10``)",,``product_use_ods_other``,"See V3, C7, Table 7.1 of IPCC GNGHGI (2019R) for gas specification",,,1,0,1,1,0,
Input,Industrial :math:`\text{CO}_2` Capture Efficacy," | Fraction of :math:`\text{CO}_2` emitted that is captured when CCS is implemented.
 | 
 | **NOTE**: this variable is used in Industrial Energy (INEN) as well to determine the share of :math:`\text{CO}_2` emissions that are captured.
 | 
 | **NOTE**: this variable applies only to process emissions and does not affect product use emissions.",``gasrf_ippu_$EMISSION-GAS$_capture_$CAT-INDUSTRY$`` (``$EMISSION-GAS$ = co2``),,``chemicals``|``cement``|``glass``|``lime_and_carbonite``|``metals``|``plastic``,,,,0,0,1,1,0,
Input,Industrial :math:`\text{CO}_2` Capture Prevalence," | Fraction of industrial production subject to CCS, which reduces :math:`\text{CO}_2` emissions.
 | 
 | **NOTE**: this variable is used in Industrial Energy (INEN) as well to determine the share of :math:`\text{CO}_2` emissions that are captured.
 | 
 | **NOTE**: this variable applies only to process emissions and does not affect product use emissions.",``frac_ippu_production_with_$EMISSION-GAS$_capture_$CAT-INDUSTRY$`` (``$EMISSION-GAS$ = co2``),,``chemicals``|``cement``|``glass``|``lime_and_carbonite``|``metals``|``plastic``,,,,0,0,1,1,0,
Input,Industrial Production Scalar," | Exogenous scalar that can be used to represent exogenous shocks todemand (assuming production and demand are in equilibrium).
 | 
 | **NOTE:** Excludes categories that are derviced from model integration, including agricultural and livestock production (AFOLU) and recycling (Circular Economy)",``demscalar_ippu_$CAT-INDUSTRY$``,,``cement``|``chemicals``|``construction_and_demolition``|``electronics``|``glass``|``lime_and_carbonite``|``metals``|``mining``|``product_use_lubricants``|``other_industries``|``other_product_manufacturing``|``product_use_other``|``product_use_ods_other``|``product_use_ods_refrigeration``|``paper``|``product_use_paraffin_wax``|``plastic``|``rubber_and_leather``|``textiles``|``wood``,,,,0,0,1,1,0,
Input,Initial Industrial Production,"Production at :math:`t = 0` of an industrial category, in tonnes. Future production is elastic to GDP and is modified by an exogenous scalar (representing changes to industry). ",``prodinit_ippu_$CAT-INDUSTRY$_$UNIT-MASS$`` (``$UNIT-MASS$ = tonne``),,``cement``|``chemicals``|``electronics``|``glass``|``lime_and_carbonite``|``metals``|``mining``|``paper``|``plastic``|``recycled_glass``|``recycled_metals``|``recycled_paper``|``recycled_plastic``|``recycled_rubber_and_leather``|``recycled_textiles``|``rubber_and_leather``|``textiles``|``wood``,,,,0,0,1,1,0,
Input,Initial Non-Energy Fuel Use,Includes paraffin wax and lubricant use,``useinit_ippu_$CAT-INDUSTRY$_$UNIT-MASS$`` (``$UNIT-MASS$ = kt``),,``product_use_lubricants``|``product_use_paraffin_wax``," | Paraffix wax use by country is available from `UN Data <http://data.un.org/Data.aspx?d=EDATA&f=cmID%3APW#EDATA>`_
 | 
 | Lubricant use by country is available from `UN Data <http://data.un.org/Data.aspx?d=EDATA&f=cmID%3ALU>`_",,,0,0,1,1,0,
Input,Initial Other Non-Energy :math:`\text{CO}_2` Emissions,,"``emitinit_ippu_$CAT-INDUSTRY$_$UNIT-MASS$_$EMISSION-GAS$`` (``$UNIT-MASS$ = kt``, ``$EMISSION-GAS$ = co2``)",,``product_use_other``,,,,0,0,1,1,0,
Input,Maximum Recycled Material Ratio in Virgin Process," | Recycled material can sometimes be mixed in with virgin materials
 | 
 | **Cullet Ratio in Glass**: *Cullet* is scrap glass that is used to reduce the requirements for raw materials in glass production. In SISEPUEDE, recycled glass is used until the maximum cullet fraction (on average) is satisfied. Recycled glass above this threshold is exported.  See `Nature 599 (2021) <https://www.nature.com/articles/d41586-021-02992-8>`_ and the V3, C2, Equation 2.10 in the IPCC GNGHGI (2006) for more information.",``maxfrac_ippu_maximum_recylced_material_ratio_$CAT-INDUSTRY$``,,``glass``|``paper``|``plastic``|``wood``,,,,0,0,1,1,0,
Input,Net Imports of Cement Clinker,,``net_imports_$CAT-INDUSTRY$_clinker_$UNIT-MASS$`` (``$UNIT-MASS$ = tonne``),,``cement``," | Exogenous specification of net imports of cement clinker.
 | 
 | Net imports of cement clinker are used to adjust cement productions emissions from clinker--i.e., if net imports are negative, then clinker beyond what is used for cement is exported, meaning that production emissions exceeded what was used for endogenous cement production.",,See the World Bank World Integrated Trade Solution ` WITS Imports <https://wits.worldbank.org/trade/comtrade/en/country/ALL/year/2019/tradeflow/Imports/partner/WLD/product/252310>`_ for clinker imports by country and `WITS Exports <https://wits.worldbank.org/trade/comtrade/en/country/ALL/year/2019/tradeflow/Exports/partner/WLD/product/252310>`_ for clinker exports by country. ,0,0,1,1,0,
Input,Octafluorooxolane Production Process Emission Factor," | Unitless emission factor for Octafluorooxolane (:math:`\text{C}_4\text{F}_8\text{O}`) per (tonne/tonne of production)
 | 
 | See `Minx et al. (2021) <https://doi.org/10.5194/essd-13-5213-2021>`_ for emissions by gas of HFCs and PFCs.","``ef_ippu_$UNIT-MASS$_$EMISSION-GAS$_per_$UNIT-MASS$_production_$CAT-INDUSTRY$`` (``$UNIT-MASS$ = tonne``, ``$EMISSION-GAS$ = c4f8o``)",,``electronics``,,,,1,0,1,1,0,
Input,PFC-1114 Production Process Emission Factor," | Unitless emission factor for Hexafluorobutadiene (PFC-1114, or :math:`\text{C}_4\text{F}_6`) per (tonne/tonne of production)
 | 
 | See `Minx et al. (2021) <https://doi.org/10.5194/essd-13-5213-2021>`_ for emissions by gas of HFCs and PFCs.","``ef_ippu_$UNIT-MASS$_$EMISSION-GAS$_per_$UNIT-MASS$_production_$CAT-INDUSTRY$`` (``$UNIT-MASS$ = tonne``, ``$EMISSION-GAS$ = c4f6``)",,``electronics``,,,,1,0,1,1,0,
Input,PFC-116 GDP Product Use Emission Factor," | Emission factor for Trifluoromethane (PFC-116, or :math:`\text{C}_2\text{F}_6`) per (tonne/mmm GDP)
 | 
 | See `Minx et al. (2021) <https://doi.org/10.5194/essd-13-5213-2021>`_ for emissions by gas of HFCs and PFCs.","``ef_ippu_$UNIT-MASS$_$EMISSION-GAS$_per_mmm_gdp_$CAT-INDUSTRY$`` (``$UNIT-MASS$ = tonne``, ``$EMISSION-GAS$ = c2f6``)",,``product_use_ods_other``,"See V3, C7, Table 7.1 of IPCC GNGHGI (2019R) for gas specification",,,1,0,1,1,0,
Input,PFC-116 Production Process Emission Factor," | Unitless emission factor for Perfluoroethane (PFC-116, or :math:`\text{C}_2\text{F}_6`) per (tonne/tonne of production)
 | 
 | See `Minx et al. (2021) <https://doi.org/10.5194/essd-13-5213-2021>`_ for emissions by gas of HFCs and PFCs.","``ef_ippu_$UNIT-MASS$_$EMISSION-GAS$_per_$UNIT-MASS$_production_$CAT-INDUSTRY$`` (``$UNIT-MASS$ = tonne``, ``$EMISSION-GAS$ = c2f6``)",,``chemicals``|``electronics``|``metals``,,,,1,0,1,1,0,
Input,PFC-14 GDP Product Use Emission Factor," | Emission factor for Perfluoromethane (PFC-14, or :math:`\text{C}\text{F}_4`) per (tonne/mmm GDP)
 | 
 | See `Minx et al. (2021) <https://doi.org/10.5194/essd-13-5213-2021>`_ for emissions by gas of HFCs and PFCs.","``ef_ippu_$UNIT-MASS$_$EMISSION-GAS$_per_mmm_gdp_$CAT-INDUSTRY$`` (``$UNIT-MASS$ = tonne``, ``$EMISSION-GAS$ = cf4``)",,``product_use_ods_other``,"See V3, C7, Table 7.1 of IPCC GNGHGI (2019R) for gas specification",,,1,0,1,1,0,
Input,PFC-14 Production Process Emission Factor," | Unitless emission factor for Perfluoromethane (PFC-14, or :math:`\text{C}\text{F}_4`) per (tonne/tonne of production)
 | 
 | See `Minx et al. (2021) <https://doi.org/10.5194/essd-13-5213-2021>`_ for emissions by gas of HFCs and PFCs.","``ef_ippu_$UNIT-MASS$_$EMISSION-GAS$_per_$UNIT-MASS$_production_$CAT-INDUSTRY$`` (``$UNIT-MASS$ = tonne``, ``$EMISSION-GAS$ = cf4``)",,``chemicals``|``electronics``|``metals``,,,,1,0,1,1,0,
Input,PFC-218 Production Process Emission Factor," | Unitless emission factor for Perfluoropropane (PFC-218, or :math:`\text{C}_3\text{F}_8`) per (tonne/tonne of production
 | 
 | See `Minx et al. (2021) <https://doi.org/10.5194/essd-13-5213-2021>`_ for emissions by gas of HFCs and PFCs.)
 | 
 | See `Minx et al. (2021) <https://doi.org/10.5194/essd-13-5213-2021>`_ for emissions by gas of HFCs and PFCs.","``ef_ippu_$UNIT-MASS$_$EMISSION-GAS$_per_$UNIT-MASS$_production_$CAT-INDUSTRY$`` (``$UNIT-MASS$ = tonne``, ``$EMISSION-GAS$ = c3f8``)",,``chemicals``|``electronics``,,,,1,0,1,1,0,
Input,PFC-31-10 GDP Product Use Emission Factor," | Emission factor for Perflubutane/Decafluorobutane (PFC-31-10, or :math:`\text{C}_4\text{F}_{10}`) per (tonne/mmm GDP)
 | 
 | See `Minx et al. (2021) <https://doi.org/10.5194/essd-13-5213-2021>`_ for emissions by gas of HFCs and PFCs.","``ef_ippu_$UNIT-MASS$_$EMISSION-GAS$_per_mmm_gdp_$CAT-INDUSTRY$`` (``$UNIT-MASS$ = tonne``, ``$EMISSION-GAS$ = c4f10``)",,``product_use_ods_other``,"See V3, C7, Table 7.1 of IPCC GNGHGI (2019R) for gas specification",,,1,0,1,1,0,
Input,PFC-31-10 Production Process Emission Factor," | Unitless emission factor for Perflubutane/Decafluorobutane (PFC-31-10, or :math:`\text{C}_4\text{F}_10`) per (tonne/tonne of production)
 | 
 | See `Minx et al. (2021) <https://doi.org/10.5194/essd-13-5213-2021>`_ for emissions by gas of HFCs and PFCs.","``ef_ippu_$UNIT-MASS$_$EMISSION-GAS$_per_$UNIT-MASS$_production_$CAT-INDUSTRY$`` (``$UNIT-MASS$ = tonne``, ``$EMISSION-GAS$ = c4f10``)",,``chemicals``,,,,1,0,1,1,0,
Input,PFC-51-14 GDP Product Use Emission Factor," | Emission factor for Perfluorohexane/Tetradecafluorohexane (PFC-51-14, or :math:`\text{C}_6\text{F}_{14}`) per (tonne/mmm GDP)
 | 
 | See `Minx et al. (2021) <https://doi.org/10.5194/essd-13-5213-2021>`_ for emissions by gas of HFCs and PFCs.","``ef_ippu_$UNIT-MASS$_$EMISSION-GAS$_per_mmm_gdp_$CAT-INDUSTRY$`` (``$UNIT-MASS$ = tonne``, ``$EMISSION-GAS$ = c6f14``)",,``product_use_ods_other``,"See V3, C7, Table 7.1 of IPCC GNGHGI (2019R) for gas specification",,,1,0,1,1,0,
Input,PFC-51-14 Production Process Emission Factor," | Unitless emission factor for Perfluorohexane/Tetradecafluorohexane (PFC-51-14, or :math:`\text{C}_6\text{F}_14`) per (tonne/tonne of production)
 | 
 | See `Minx et al. (2021) <https://doi.org/10.5194/essd-13-5213-2021>`_ for emissions by gas of HFCs and PFCs.","``ef_ippu_$UNIT-MASS$_$EMISSION-GAS$_per_$UNIT-MASS$_production_$CAT-INDUSTRY$`` (``$UNIT-MASS$ = tonne``, ``$EMISSION-GAS$ = c6f14``)",,``chemicals``,,,,1,0,1,1,0,
Input,PFC-C-1418 Production Process Emission Factor," | Unitless emission factor for Octafluorocyclopentene (PFC-1418, or :math:`\text{C}_5\text{F}_8`) per (tonne/tonne of production)
 | 
 | See `Minx et al. (2021) <https://doi.org/10.5194/essd-13-5213-2021>`_ for emissions by gas of HFCs and PFCs.","``ef_ippu_$UNIT-MASS$_$EMISSION-GAS$_per_$UNIT-MASS$_production_$CAT-INDUSTRY$`` (``$UNIT-MASS$ = tonne``, ``$EMISSION-GAS$ = c5f8``)",,``electronics``,,,,1,0,1,1,0,
Input,PFC-C-318 Production Process Emission Factor," | Unitless emission factor for Perfluorocyclobutane (PFC-C-318, or :math:`\text{c-C}_4\text{F}_8`) per (tonne/tonne of production)
 | 
 | See `Minx et al. (2021) <https://doi.org/10.5194/essd-13-5213-2021>`_ for emissions by gas of HFCs and PFCs.","``ef_ippu_$UNIT-MASS$_$EMISSION-GAS$_per_$UNIT-MASS$_production_$CAT-INDUSTRY$`` (``$UNIT-MASS$ = tonne``, ``$EMISSION-GAS$ = cc4f8``)",,``chemicals``|``electronics``,,,,1,0,1,1,0,
Input,Ratio of Production to Harvested Wood Demand,,``ratio_ippu_production_to_harvested_wood_demand_$CAT-INDUSTRY$``,,``paper``|``wood``,,,,0,0,1,1,0,
Input,Wastewater Production Factor,Volume of wastewater generated per tonne of production.,"``vol_ippu_$CAT-INDUSTRY$_$UNIT-VOLUME$_ww_per_$UNIT-MASS$_production`` (``$UNIT-VOLUME$ = m3``, ``$UNIT-MASS$ = tonne``)",,``cement``|``chemicals``|``electronics``|``glass``|``lime_and_carbonite``|``metals``|``paper``|``plastic``|``recycled_glass``|``recycled_metals``|``recycled_paper``|``recycled_plastic``|``recycled_rubber_and_leather``|``recycled_textiles``|``rubber_and_leather``|``textiles``|``wood``,,,,0,0,1,1,0,
Output,:math:`\text{CH}_4` Emissions from Industrial Production Processes,,``emission_co2e_$EMISSION-GAS$_ippu_production_$CAT-INDUSTRY$`` (``$EMISSION-GAS$ = ch4``),,``chemicals``|``metals``|``paper``|``plastic``,,,,0,1,1,1,1,
Output,:math:`\text{CO}_2` Captured in Industrial Processes and Product Use,Fraction of :math:`\text{CO}_2` emitted that is captured at the point of emission. ,"``gasrecovered_ippu_$UNIT-MASS$_$EMISSION-GAS$_capture_$CAT-INDUSTRY$`` (``$EMISSION-GAS$ = co2``, ``$UNIT-MASS$ = mt``)",,``chemicals``|``cement``|``glass``|``lime_and_carbonite``|``metals``|``plastic``,,,,0,1,1,1,0,
Output,:math:`\text{CO}_2` Emissions from Industrial Product Use,,``emission_co2e_$EMISSION-GAS$_ippu_product_use_$CAT-INDUSTRY$`` (``$EMISSION-GAS$ = co2``),,``product_use_lubricants``|``product_use_other``|``product_use_paraffin_wax``,,,,0,1,1,1,1,
Output,:math:`\text{CO}_2` Emissions from Industrial Production Processes,,``emission_co2e_$EMISSION-GAS$_ippu_production_$CAT-INDUSTRY$`` (``$EMISSION-GAS$ = co2``),,``cement``|``chemicals``|``glass``|``lime_and_carbonite``|``metals``|``paper``|``plastic``|``product_use_lubricants``|``product_use_paraffin_wax``,,,,0,1,1,1,1,
Output,:math:`\text{N}_2\text{O}` Emissions from Industrial Production Processes,,``emission_co2e_$EMISSION-GAS$_ippu_production_$CAT-INDUSTRY$`` (``$EMISSION-GAS$ = n2o``),,``chemicals``|``other_product_manufacturing``|``paper``|``plastic``,,,,0,1,1,1,1,
Output,:math:`\text{NF}_3` Emissions from Industrial Production Processes," | Used in calibration to key industrial subsectors using data from `Minx et al. (2021) <https://doi.org/10.5194/essd-13-5213-2021>`_
 | 
 | Note: Also accounted for in Other Fluorinated Compounds aggregate output emissions.",``emission_co2e_$EMISSION-GAS$_ippu_production_$CAT-INDUSTRY$`` (``$EMISSION-GAS$ = nf3``),,``chemicals``|``electronics``,,,,0,1,1,1,1,
Output,:math:`\text{SF}_6` Emissions from Industrial Production Processes,,``emission_co2e_$EMISSION-GAS$_ippu_production_$CAT-INDUSTRY$`` (``$EMISSION-GAS$ = sf6``),,``chemicals``|``electronics``|``metals``|``other_product_manufacturing``,,,,0,1,1,1,1,
Output,Change to Net Imports of Products,"Recycling volumes may exceed domestic demand, and some changes to indsutrial production can affect projections. Decreases (negative values) to this variable represent exports of materials produced in each country. ",``net_imports_change_ippu_$CAT-INDUSTRY$_$UNIT-MASS$`` (``$UNIT-MASS$ = tonne``),,``cement``|``recycled_glass``|``recycled_metals``|``recycled_paper``|``recycled_plastic``|``recycled_rubber_and_leather``|``recycled_textiles``|``recycled_wood``|``wood``,,,,0,1,1,1,0,
Output,Demand for Harvested Wood,,``dem_ippu_harvested_wood_$UNIT-MASS$_$CAT-INDUSTRY$`` (``$UNIT-MASS$ = tonne``),,``paper``|``wood``,,,,0,1,1,1,0,
Output,Dodecafluoropentane Emissions from Industrial Production Processes,""" | Used in calibration to key industrial subsectors using data from `Minx et al. (2021) <https://doi.org/10.5194/essd-13-5213-2021>`_
 | 
 | Note: Also accounted for in Other Fluorinated Compounds aggregate output emissions.""",``emission_co2e_$EMISSION-GAS$_ippu_production_$CAT-INDUSTRY$`` (``$EMISSION-GAS$ = c5f12``),,``chemicals``,,,,0,0,1,1,1,
Output,HCFC-141b Emissions from Industrial Product Use, | Used in calibration to key industrial subsectors using data from `Minx et al. (2021) <https://doi.org/10.5194/essd-13-5213-2021>`_,``emission_co2e_$EMISSION-GAS$_ippu_product_use_$CAT-INDUSTRY$`` (``$EMISSION-GAS$ = ch3cci2f``),,``product_use_ods_other``,,,,0,1,1,1,1,
Output,HCFC-142b Emissions from Industrial Product Use, | Used in calibration to key industrial subsectors using data from `Minx et al. (2021) <https://doi.org/10.5194/essd-13-5213-2021>`_,``emission_co2e_$EMISSION-GAS$_ippu_product_use_$CAT-INDUSTRY$`` (``$EMISSION-GAS$ = ch3ccif2``),,``product_use_ods_other``,,,,0,1,1,1,1,
Output,HFC Emissions from Industrial Product Use,"Aggregate emissions, across all specified HFCs, resulting from product use in industry.",``emission_co2e_hfcs_ippu_product_use_$CAT-INDUSTRY$``,,``product_use_ods_refrigeration``|``product_use_ods_other``,,,,0,1,1,1,0,
Output,HFC Emissions from Industrial Production Processes,"Aggregate emissions, across all specified HFCs, resulting from industrial production processes. ",``emission_co2e_hfcs_ippu_production_$CAT-INDUSTRY$``,,``chemicals``|``electronics``|``metals``,,,,0,1,1,1,0,
Output,HFC-125 Emissions from Industrial Product Use, | Used in calibration to key industrial subsectors using data from `Minx et al. (2021) <https://doi.org/10.5194/essd-13-5213-2021>`_,``emission_co2e_$EMISSION-GAS$_ippu_product_use_$CAT-INDUSTRY$`` (``$EMISSION-GAS$ = c2hf5``),,``product_use_ods_refrigeration``|``product_use_ods_other``,,,,0,1,1,1,1,
Output,HFC-125 Emissions from Industrial Production Processes, | Used in calibration to key industrial subsectors using data from `Minx et al. (2021) <https://doi.org/10.5194/essd-13-5213-2021>`_,``emission_co2e_$EMISSION-GAS$_ippu_production_$CAT-INDUSTRY$`` (``$EMISSION-GAS$ = c2hf5``),,``chemicals``,,,,0,0,1,1,1,
Output,HFC-134 Emissions from Industrial Product Use, | Used in calibration to key industrial subsectors using data from `Minx et al. (2021) <https://doi.org/10.5194/essd-13-5213-2021>`_,``emission_co2e_$EMISSION-GAS$_ippu_product_use_$CAT-INDUSTRY$`` (``$EMISSION-GAS$ = chf2chf2``),,``product_use_ods_other``,,,,0,1,1,1,1,
Output,HFC-134a Emissions from Industrial Product Use, | Used in calibration to key industrial subsectors using data from `Minx et al. (2021) <https://doi.org/10.5194/essd-13-5213-2021>`_,``emission_co2e_$EMISSION-GAS$_ippu_product_use_$CAT-INDUSTRY$`` (``$EMISSION-GAS$ = chf2cf3``),,``product_use_ods_refrigeration``|``product_use_ods_other``,,,,0,1,1,1,1,
Output,HFC-134a Emissions from Industrial Production Processes, | Used in calibration to key industrial subsectors using data from `Minx et al. (2021) <https://doi.org/10.5194/essd-13-5213-2021>`_,``emission_co2e_$EMISSION-GAS$_ippu_production_$CAT-INDUSTRY$`` (``$EMISSION-GAS$ = chf2cf3``),,``chemicals``,,,,0,0,1,1,1,
Output,HFC-143 Emissions from Industrial Product Use, | Used in calibration to key industrial subsectors using data from `Minx et al. (2021) <https://doi.org/10.5194/essd-13-5213-2021>`_,``emission_co2e_$EMISSION-GAS$_ippu_product_use_$CAT-INDUSTRY$`` (``$EMISSION-GAS$ = ch2fchf2``),,``product_use_ods_other``,,,,0,1,1,1,1,
Output,HFC-143a Emissions from Industrial Product Use, | Used in calibration to key industrial subsectors using data from `Minx et al. (2021) <https://doi.org/10.5194/essd-13-5213-2021>`_,``emission_co2e_$EMISSION-GAS$_ippu_product_use_$CAT-INDUSTRY$`` (``$EMISSION-GAS$ = c2h3f3``),,``product_use_ods_refrigeration``,,,,0,1,1,1,1,
Output,HFC-143a Emissions from Industrial Production Processes, | Used in calibration to key industrial subsectors using data from `Minx et al. (2021) <https://doi.org/10.5194/essd-13-5213-2021>`_,``emission_co2e_$EMISSION-GAS$_ippu_production_$CAT-INDUSTRY$`` (``$EMISSION-GAS$ = c2h3f3``),,``chemicals``,,,,0,0,1,1,1,
Output,HFC-152a Emissions from Industrial Product Use, | Used in calibration to key industrial subsectors using data from `Minx et al. (2021) <https://doi.org/10.5194/essd-13-5213-2021>`_,``emission_co2e_$EMISSION-GAS$_ippu_product_use_$CAT-INDUSTRY$`` (``$EMISSION-GAS$ = ch3chf2``),,``product_use_ods_refrigeration``|``product_use_ods_other``,,,,0,1,1,1,1,
Output,HFC-152a Emissions from Industrial Production Processes, | Used in calibration to key industrial subsectors using data from `Minx et al. (2021) <https://doi.org/10.5194/essd-13-5213-2021>`_,``emission_co2e_$EMISSION-GAS$_ippu_production_$CAT-INDUSTRY$`` (``$EMISSION-GAS$ = ch3chf2``),,``chemicals``,,,,0,0,1,1,1,
Output,HFC-227ea Emissions from Industrial Product Use, | Used in calibration to key industrial subsectors using data from `Minx et al. (2021) <https://doi.org/10.5194/essd-13-5213-2021>`_,``emission_co2e_$EMISSION-GAS$_ippu_product_use_$CAT-INDUSTRY$`` (``$EMISSION-GAS$ = c3hf7``),,``product_use_ods_refrigeration``|``product_use_ods_other``,,,,0,1,1,1,1,
Output,HFC-227ea Emissions from Industrial Production Processes, | Used in calibration to key industrial subsectors using data from `Minx et al. (2021) <https://doi.org/10.5194/essd-13-5213-2021>`_,``emission_co2e_$EMISSION-GAS$_ippu_production_$CAT-INDUSTRY$`` (``$EMISSION-GAS$ = c3hf7``),,``chemicals``,,,,0,0,1,1,1,
Output,HFC-23 Emissions from Industrial Product Use, | Used in calibration to key industrial subsectors using data from `Minx et al. (2021) <https://doi.org/10.5194/essd-13-5213-2021>`_,``emission_co2e_$EMISSION-GAS$_ippu_product_use_$CAT-INDUSTRY$`` (``$EMISSION-GAS$ = chf3``),,``product_use_ods_refrigeration``|``product_use_ods_other``,,,,0,1,1,1,1,
Output,HFC-23 Emissions from Industrial Production Processes, | Used in calibration to key industrial subsectors using data from `Minx et al. (2021) <https://doi.org/10.5194/essd-13-5213-2021>`_,``emission_co2e_$EMISSION-GAS$_ippu_production_$CAT-INDUSTRY$`` (``$EMISSION-GAS$ = chf3``),,``chemicals``|``electronics``,,,,0,1,1,1,1,
Output,HFC-236fa Emissions from Industrial Product Use, | Used in calibration to key industrial subsectors using data from `Minx et al. (2021) <https://doi.org/10.5194/essd-13-5213-2021>`_,``emission_co2e_$EMISSION-GAS$_ippu_product_use_$CAT-INDUSTRY$`` (``$EMISSION-GAS$ = c3h2f6``),,``product_use_ods_refrigeration``|``product_use_ods_other``,,,,0,1,1,1,1,
Output,HFC-245fa Emissions from Industrial Product Use, | Used in calibration to key industrial subsectors using data from `Minx et al. (2021) <https://doi.org/10.5194/essd-13-5213-2021>`_,``emission_co2e_$EMISSION-GAS$_ippu_product_use_$CAT-INDUSTRY$`` (``$EMISSION-GAS$ = c3h3f5``),,``product_use_ods_refrigeration``|``product_use_ods_other``,,,,0,1,1,1,1,
Output,HFC-32 Emissions from Industrial Product Use, | Used in calibration to key industrial subsectors using data from `Minx et al. (2021) <https://doi.org/10.5194/essd-13-5213-2021>`_,``emission_co2e_$EMISSION-GAS$_ippu_product_use_$CAT-INDUSTRY$`` (``$EMISSION-GAS$ = ch2f2``),,``product_use_ods_refrigeration``,,,,0,1,1,1,1,
Output,HFC-32 Emissions from Industrial Production Processes, | Used in calibration to key industrial subsectors using data from `Minx et al. (2021) <https://doi.org/10.5194/essd-13-5213-2021>`_,``emission_co2e_$EMISSION-GAS$_ippu_production_$CAT-INDUSTRY$`` (``$EMISSION-GAS$ = ch2f2``),,``chemicals``|``electronics``,,,,0,1,1,1,1,
Output,HFC-365mfc Emissions from Industrial Product Use, | Used in calibration to key industrial subsectors using data from `Minx et al. (2021) <https://doi.org/10.5194/essd-13-5213-2021>`_,``emission_co2e_$EMISSION-GAS$_ippu_product_use_$CAT-INDUSTRY$`` (``$EMISSION-GAS$ = c4h5f5``),,``product_use_ods_other``,,,,0,1,1,1,1,
Output,HFC-365mfc Emissions from Industrial Production Processes, | Used in calibration to key industrial subsectors using data from `Minx et al. (2021) <https://doi.org/10.5194/essd-13-5213-2021>`_,``emission_co2e_$EMISSION-GAS$_ippu_production_$CAT-INDUSTRY$`` (``$EMISSION-GAS$ = c4h5f5``),,``chemicals``,,,,0,0,1,1,1,
Output,HFC-41 Emissions from Industrial Production Processes, | Used in calibration to key industrial subsectors using data from `Minx et al. (2021) <https://doi.org/10.5194/essd-13-5213-2021>`_,``emission_co2e_$EMISSION-GAS$_ippu_production_$CAT-INDUSTRY$`` (``$EMISSION-GAS$ = ch3f``),,``electronics``,,,,0,0,1,1,1,
Output,HFC-43-10mee Emissions from Industrial Product Use, | Used in calibration to key industrial subsectors using data from `Minx et al. (2021) <https://doi.org/10.5194/essd-13-5213-2021>`_,``emission_co2e_$EMISSION-GAS$_ippu_product_use_$CAT-INDUSTRY$`` (``$EMISSION-GAS$ = c5h2f10``),,``product_use_ods_other``,,,,0,1,1,1,1,
Output,Industrial Production," | Production at :math:`t = 0` of an industrial category, in tonnes. Future production is elastic to GDP and is modified by an exogenous scalar (representing changes to industry). 
 | 
 | Note that production of recycled categories (``recycled_XXX``) differ from total waste recycled. In the Industrial model, recycled materials are used until the maximum recycling fraction is obtained.",``prod_ippu_$CAT-INDUSTRY$_$UNIT-MASS$`` (``$UNIT-MASS$ = tonne``),,``cement``|``chemicals``|``electronics``|``glass``|``lime_and_carbonite``|``metals``|``mining``|``paper``|``plastic``|``rubber_and_leather``|``textiles``|``wood``,,,,0,1,1,1,0,
Output,Other Fluorinated Compound Emissions from Industrial Product Use," | Aggregate emissions, across all specified non-PFC/HFC flourinated compounds (including HCFCs, halogenated alcohols, ethers, furans, aldehydes, and ketones, where applicable), resulting from industrial production processes. 
 | 
 | Includes HCFC-141b and HCFC-142b",``emission_co2e_other_fcs_ippu_product_use_$CAT-INDUSTRY$``,,``product_use_ods_other``,,,,0,1,1,1,0,
Output,Other Fluorinated Compound Emissions from Industrial Production Processes," | Aggregate emissions, across all specified non-PFC/HFC flourinated compounds (including halogenated alcohols, ethers, furans, aldehydes, and ketones, where applicable), resulting from industrial production processes. 
 | 
 | Includes Dodecafluoropentane,:math:`\text{NF}_3`, and Octafluorooxolane.",``emission_co2e_other_fcs_ippu_production_$CAT-INDUSTRY$``,,``chemicals``|``electronics``,,,,0,1,1,1,0,
Output,PFC Emissions from Industrial Product Use,"Aggregate emissions, across all specified PFCs, resulting from product use in industry.",``emission_co2e_pfcs_ippu_product_use_$CAT-INDUSTRY$``,,``product_use_ods_other``,,,,0,1,1,1,0,
Output,PFC Emissions from Industrial Production Processes,"Aggregate emissions, across all specified PFCs, resulting from industrial production processes. ",``emission_co2e_pfcs_ippu_production_$CAT-INDUSTRY$``,,``chemicals``|``electronics``|``other_product_manufacturing``,,,,0,1,1,1,0,
Output,PFC-1114 Emissions from Industrial Production Processes, | Used in calibration to key industrial subsectors using data from `Minx et al. (2021) <https://doi.org/10.5194/essd-13-5213-2021>`_,``emission_co2e_$EMISSION-GAS$_ippu_production_$CAT-INDUSTRY$`` (``$EMISSION-GAS$ = c4f6``),,``electronics``,,,,0,1,1,1,1,
Output,PFC-116 Emissions from Industrial Product Use, | Used in calibration to key industrial subsectors using data from `Minx et al. (2021) <https://doi.org/10.5194/essd-13-5213-2021>`_,``emission_co2e_$EMISSION-GAS$_ippu_product_use_$CAT-INDUSTRY$`` (``$EMISSION-GAS$ = c2f6``),,``product_use_ods_other``,,,,0,1,1,1,1,
Output,PFC-116 Emissions from Industrial Production Processes, | Used in calibration to key industrial subsectors using data from `Minx et al. (2021) <https://doi.org/10.5194/essd-13-5213-2021>`_,``emission_co2e_$EMISSION-GAS$_ippu_production_$CAT-INDUSTRY$`` (``$EMISSION-GAS$ = c2f6``),,``chemicals``|``electronics``|``metals``,,,,0,1,1,1,1,
Output,PFC-14 Emissions from Industrial Product Use, | Used in calibration to key industrial subsectors using data from `Minx et al. (2021) <https://doi.org/10.5194/essd-13-5213-2021>`_,``emission_co2e_$EMISSION-GAS$_ippu_product_use_$CAT-INDUSTRY$`` (``$EMISSION-GAS$ = cf4``),,``product_use_ods_other``,,,,0,1,1,1,1,
Output,PFC-14 Emissions from Industrial Production Processes, | Used in calibration to key industrial subsectors using data from `Minx et al. (2021) <https://doi.org/10.5194/essd-13-5213-2021>`_,``emission_co2e_$EMISSION-GAS$_ippu_production_$CAT-INDUSTRY$`` (``$EMISSION-GAS$ = cf4``),,``chemicals``|``electronics``|``metals``,,,,0,1,1,1,1,
Output,PFC-1418 Emissions from Industrial Production Processes, | Used in calibration to key industrial subsectors using data from `Minx et al. (2021) <https://doi.org/10.5194/essd-13-5213-2021>`_,``emission_co2e_$EMISSION-GAS$_ippu_production_$CAT-INDUSTRY$`` (``$EMISSION-GAS$ = c5f8``),,``electronics``,,,,0,1,1,1,1,
Output,PFC-218 Emissions from Industrial Production Processes, | Used in calibration to key industrial subsectors using data from `Minx et al. (2021) <https://doi.org/10.5194/essd-13-5213-2021>`_,``emission_co2e_$EMISSION-GAS$_ippu_production_$CAT-INDUSTRY$`` (``$EMISSION-GAS$ = c3f8``),,``chemicals``|``electronics``,,,,0,1,1,1,1,
Output,PFC-31-10 Emissions from Industrial Product Use, | Used in calibration to key industrial subsectors using data from `Minx et al. (2021) <https://doi.org/10.5194/essd-13-5213-2021>`_,``emission_co2e_$EMISSION-GAS$_ippu_product_use_$CAT-INDUSTRY$`` (``$EMISSION-GAS$ = c4f10``),,``product_use_ods_other``,,,,0,1,1,1,1,
Output,PFC-31-10 Emissions from Industrial Production Processes, | Used in calibration to key industrial subsectors using data from `Minx et al. (2021) <https://doi.org/10.5194/essd-13-5213-2021>`_,``emission_co2e_$EMISSION-GAS$_ippu_production_$CAT-INDUSTRY$`` (``$EMISSION-GAS$ = c4f10``),,``chemicals``,,,,0,0,1,1,1,
Output,PFC-318 Emissions from Industrial Production Processes, | Used in calibration to key industrial subsectors using data from `Minx et al. (2021) <https://doi.org/10.5194/essd-13-5213-2021>`_,``emission_co2e_$EMISSION-GAS$_ippu_production_$CAT-INDUSTRY$`` (``$EMISSION-GAS$ = cc4f8``),,``chemicals``|``electronics``,,,,0,1,1,1,1,
Output,PFC-51-14 Emissions from Industrial Product Use, | Used in calibration to key industrial subsectors using data from `Minx et al. (2021) <https://doi.org/10.5194/essd-13-5213-2021>`_,``emission_co2e_$EMISSION-GAS$_ippu_product_use_$CAT-INDUSTRY$`` (``$EMISSION-GAS$ = c6f14``),,``product_use_ods_other``,,,,0,1,1,1,1,
Output,PFC-51-14 Emissions from Industrial Production Processes, | Used in calibration to key industrial subsectors using data from `Minx et al. (2021) <https://doi.org/10.5194/essd-13-5213-2021>`_,``emission_co2e_$EMISSION-GAS$_ippu_production_$CAT-INDUSTRY$`` (``$EMISSION-GAS$ = c6f14``),,``chemicals``,,,,0,0,1,1,1,
Output,Recycled Material Used in Industrial Production," Production of recycled categories (``recycled_XXX``) differ from total waste recycled. In the Industrial model, recycled materials are used until the maximum recycling fraction is obtained. This variable gives the total mass of recycled waste used in industrial production.",``qty_ippu_$CAT-INDUSTRY$_used_in_production_$UNIT-MASS$`` (``$UNIT-MASS$ = tonne``),,``recycled_glass``|``recycled_metals``|``recycled_paper``|``recycled_plastic``|``recycled_rubber_and_leather``|``recycled_textiles``|``recycled_wood``,,,,0,1,1,1,0,