Subsector,Gas,Edgar_Sector,Edgar_Subsector,Edgar_Subsector_Synthetic,Edgar_Class,ids,Vars,ignore,note,need_better_information_on_what_is_contained
lvst,ch4,Agriculture,AG - Livestock,AG - Livestock:CH4,AG - Livestock:CH4,1:lvst:ch4,emission_co2e_ch4_lvst_entferm_buffalo:emission_co2e_ch4_lvst_entferm_cattle_dairy:emission_co2e_ch4_lvst_entferm_cattle_nondairy:emission_co2e_ch4_lvst_entferm_chickens:emission_co2e_ch4_lvst_entferm_goats:emission_co2e_ch4_lvst_entferm_horses:emission_co2e_ch4_lvst_entferm_mules:emission_co2e_ch4_lvst_entferm_pigs:emission_co2e_ch4_lvst_entferm_sheep,,,
lsmm,ch4,Agriculture,AG - Livestock,AG - Livestock:CH4,AG - Livestock:CH4,2:lsmm:ch4,emission_co2e_ch4_lsmm_anaerobic_digester:emission_co2e_ch4_lsmm_anaerobic_lagoon:emission_co2e_ch4_lsmm_composting:emission_co2e_ch4_lsmm_daily_spread:emission_co2e_ch4_lsmm_deep_bedding:emission_co2e_ch4_lsmm_dry_lot:emission_co2e_ch4_lsmm_incineration:emission_co2e_ch4_lsmm_liquid_slurry:emission_co2e_ch4_lsmm_paddock_pasture_range:emission_co2e_ch4_lsmm_poultry_manure:emission_co2e_ch4_lsmm_storage_solid,,,
lsmm,n2o,Agriculture,AG - Livestock,AG - Livestock:N2O,AG - Livestock:N2O,3:lsmm:n2o,emission_co2e_n2o_lsmm_direct_anaerobic_digester:emission_co2e_n2o_lsmm_direct_anaerobic_lagoon:emission_co2e_n2o_lsmm_direct_composting:emission_co2e_n2o_lsmm_direct_daily_spread:emission_co2e_n2o_lsmm_direct_deep_bedding:emission_co2e_n2o_lsmm_direct_dry_lot:emission_co2e_n2o_lsmm_direct_incineration:emission_co2e_n2o_lsmm_direct_liquid_slurry:emission_co2e_n2o_lsmm_direct_paddock_pasture_range:emission_co2e_n2o_lsmm_direct_poultry_manure:emission_co2e_n2o_lsmm_direct_storage_solid:emission_co2e_n2o_lsmm_indirect_anaerobic_digester:emission_co2e_n2o_lsmm_indirect_anaerobic_lagoon:emission_co2e_n2o_lsmm_indirect_composting:emission_co2e_n2o_lsmm_indirect_daily_spread:emission_co2e_n2o_lsmm_indirect_deep_bedding:emission_co2e_n2o_lsmm_indirect_dry_lot:emission_co2e_n2o_lsmm_indirect_incineration:emission_co2e_n2o_lsmm_indirect_liquid_slurry:emission_co2e_n2o_lsmm_indirect_paddock_pasture_range:emission_co2e_n2o_lsmm_indirect_poultry_manure:emission_co2e_n2o_lsmm_indirect_storage_solid,,,
agrc,co2,Agriculture,AG - Crops,AG - Crops:CO2,AG - Crops:CO2,4:agrc:co2,emission_co2e_co2_agrc_biomass_bevs_and_spices:emission_co2e_co2_agrc_biomass_fruits:emission_co2e_co2_agrc_biomass_nuts:emission_co2e_co2_agrc_biomass_other_woody_perennial:emission_co2e_co2_lndu_drained_organic_soils_croplands,,may include liming and urea,1
agrc,ch4,Agriculture,AG - Crops,AG - Crops:CH4,AG - Crops:CH4,5:agrc:ch4,emission_co2e_ch4_agrc_anaerobicdom_rice:emission_co2e_ch4_agrc_biomass_burning,,may include fertilizer application,1
agrc,n2o,Agriculture,AG - Crops,AG - Crops:N2O,AG - Crops:N2O,6:agrc:n2o,emission_co2e_n2o_agrc_biomass_burning:emission_co2e_n2o_agrc_crop_residues,,may include fertilizer application,1
scoe,co2,Energy,EN - Building,EN - Building:CO2,EN - Building:CO2,7:scoe:co2,emission_co2e_co2_scoe_nbmass_commercial_municipal:emission_co2e_co2_scoe_nbmass_other_se:emission_co2e_co2_scoe_nbmass_residential,,,
scoe,ch4,Energy,EN - Building,EN - Building:CH4,EN - Building:CH4,8:scoe:ch4,emission_co2e_ch4_scoe_commercial_municipal:emission_co2e_ch4_scoe_other_se:emission_co2e_ch4_scoe_residential,,,
scoe,n2o,Energy,EN - Building,EN - Building:N2O,EN - Building:N2O,9:scoe:n2o,emission_co2e_n2o_scoe_commercial_municipal:emission_co2e_n2o_scoe_other_se:emission_co2e_n2o_scoe_residential,,,
entc,co2,Energy,EN - Electricity/Heat,EN - Electricity/Heat:CO2,EN - Electricity/Heat:CO2,10:entc:co2,emission_co2e_co2_entc_generation_pp_biogas:emission_co2e_co2_entc_generation_pp_coal:emission_co2e_co2_entc_generation_pp_coal_ccs:emission_co2e_co2_entc_generation_pp_gas:emission_co2e_co2_entc_generation_pp_gas_ccs:emission_co2e_co2_entc_generation_pp_geothermal:emission_co2e_co2_entc_generation_pp_hydropower:emission_co2e_co2_entc_generation_pp_nuclear:emission_co2e_co2_entc_generation_pp_ocean:emission_co2e_co2_entc_generation_pp_oil:emission_co2e_co2_entc_generation_pp_solar:emission_co2e_co2_entc_generation_pp_waste_incineration:emission_co2e_co2_entc_generation_pp_wind,,,
entc,ch4,Energy,EN - Electricity/Heat,EN - Electricity/Heat:CH4,EN - Electricity/Heat:CH4,11:entc:ch4,emission_co2e_ch4_entc_generation_pp_biogas:emission_co2e_ch4_entc_generation_pp_biomass:emission_co2e_ch4_entc_generation_pp_coal:emission_co2e_ch4_entc_generation_pp_coal_ccs:emission_co2e_ch4_entc_generation_pp_gas:emission_co2e_ch4_entc_generation_pp_gas_ccs:emission_co2e_ch4_entc_generation_pp_geothermal:emission_co2e_ch4_entc_generation_pp_hydropower:emission_co2e_ch4_entc_generation_pp_nuclear:emission_co2e_ch4_entc_generation_pp_ocean:emission_co2e_ch4_entc_generation_pp_oil:emission_co2e_ch4_entc_generation_pp_solar:emission_co2e_ch4_entc_generation_pp_waste_incineration:emission_co2e_ch4_entc_generation_pp_wind,,,
entc,n2o,Energy,EN - Electricity/Heat,EN - Electricity/Heat:N2O,EN - Electricity/Heat:N2O,12:entc:n2o,emission_co2e_n2o_entc_generation_pp_biogas:emission_co2e_n2o_entc_generation_pp_biomass:emission_co2e_n2o_entc_generation_pp_coal:emission_co2e_n2o_entc_generation_pp_coal_ccs:emission_co2e_n2o_entc_generation_pp_gas:emission_co2e_n2o_entc_generation_pp_gas_ccs:emission_co2e_n2o_entc_generation_pp_geothermal:emission_co2e_n2o_entc_generation_pp_hydropower:emission_co2e_n2o_entc_generation_pp_nuclear:emission_co2e_n2o_entc_generation_pp_ocean:emission_co2e_n2o_entc_generation_pp_oil:emission_co2e_n2o_entc_generation_pp_solar:emission_co2e_n2o_entc_generation_pp_waste_incineration:emission_co2e_n2o_entc_generation_pp_wind,,,
fgtv,co2,Energy,EN - Fugitive Emissions,EN - Fugitive Emissions:CO2,EN - Fugitive Emissions:CO2,13:fgtv:co2,emission_co2e_co2_fgtv_fuel_coal:emission_co2e_co2_fgtv_fuel_natural_gas:emission_co2e_co2_fgtv_fuel_oil:emission_co2e_co2_entc_mining_and_extraction_me_coal:emission_co2e_co2_entc_mining_and_extraction_me_crude:emission_co2e_co2_entc_mining_and_extraction_me_natural_gas:emission_co2e_co2_entc_nbmass_processing_and_refinement_fp_ammonia_production:emission_co2e_co2_entc_nbmass_processing_and_refinement_fp_hydrogen_electrolysis:emission_co2e_co2_entc_nbmass_processing_and_refinement_fp_hydrogen_gasification:emission_co2e_co2_entc_nbmass_processing_and_refinement_fp_hydrogen_reformation:emission_co2e_co2_entc_nbmass_processing_and_refinement_fp_hydrogen_reformation_ccs:emission_co2e_co2_entc_nbmass_processing_and_refinement_fp_natural_gas:emission_co2e_co2_entc_nbmass_processing_and_refinement_fp_natural_gas_liquefaction:emission_co2e_co2_entc_nbmass_processing_and_refinement_fp_petroleum_refinement,,,
fgtv,ch4,Energy,EN - Fugitive Emissions,EN - Fugitive Emissions:CH4,EN - Fugitive Emissions:CH4,14:fgtv:ch4,emission_co2e_ch4_fgtv_fuel_coal:emission_co2e_ch4_fgtv_fuel_natural_gas:emission_co2e_ch4_fgtv_fuel_oil:emission_co2e_ch4_entc_fuel_mining_and_extraction_me_coal:emission_co2e_ch4_entc_fuel_mining_and_extraction_me_crude:emission_co2e_ch4_entc_fuel_mining_and_extraction_me_natural_gas:emission_co2e_ch4_entc_processing_and_refinement_fp_ammonia_production:emission_co2e_ch4_entc_processing_and_refinement_fp_hydrogen_electrolysis:emission_co2e_ch4_entc_processing_and_refinement_fp_hydrogen_gasification:emission_co2e_ch4_entc_processing_and_refinement_fp_hydrogen_reformation:emission_co2e_ch4_entc_processing_and_refinement_fp_hydrogen_reformation_ccs:emission_co2e_ch4_entc_processing_and_refinement_fp_natural_gas:emission_co2e_ch4_entc_processing_and_refinement_fp_natural_gas_liquefaction:emission_co2e_ch4_entc_processing_and_refinement_fp_petroleum_refinement,,,
fgtv,n2o,Energy,EN - Fugitive Emissions,EN - Fugitive Emissions:N2O,EN - Fugitive Emissions:N2O,15:fgtv:n2o,emission_co2e_n2o_fgtv_fuel_coal:emission_co2e_n2o_fgtv_fuel_natural_gas:emission_co2e_n2o_fgtv_fuel_oil:emission_co2e_n2o_entc_fuel_mining_and_extraction_me_coal:emission_co2e_n2o_entc_fuel_mining_and_extraction_me_crude:emission_co2e_n2o_entc_fuel_mining_and_extraction_me_natural_gas:emission_co2e_n2o_entc_processing_and_refinement_fp_ammonia_production:emission_co2e_n2o_entc_processing_and_refinement_fp_hydrogen_electrolysis:emission_co2e_n2o_entc_processing_and_refinement_fp_hydrogen_gasification:emission_co2e_n2o_entc_processing_and_refinement_fp_hydrogen_reformation:emission_co2e_n2o_entc_processing_and_refinement_fp_hydrogen_reformation_ccs:emission_co2e_n2o_entc_processing_and_refinement_fp_natural_gas:emission_co2e_n2o_entc_processing_and_refinement_fp_natural_gas_liquefaction:emission_co2e_n2o_entc_processing_and_refinement_fp_petroleum_refinement,,,
inen,co2,Energy,EN - Manufacturing/Construction,EN - Manufacturing/Construction:CO2,EN - Manufacturing/Construction:CO2,16:inen:co2,emission_co2e_co2_inen_nbmass_agriculture_and_livestock:emission_co2e_co2_inen_nbmass_cement:emission_co2e_co2_inen_nbmass_chemicals:emission_co2e_co2_inen_nbmass_electronics:emission_co2e_co2_inen_nbmass_glass:emission_co2e_co2_inen_nbmass_lime_and_carbonite:emission_co2e_co2_inen_nbmass_metals:emission_co2e_co2_inen_nbmass_mining:emission_co2e_co2_inen_nbmass_other_product_manufacturing:emission_co2e_co2_inen_nbmass_paper:emission_co2e_co2_inen_nbmass_plastic:emission_co2e_co2_inen_nbmass_recycled_glass:emission_co2e_co2_inen_nbmass_recycled_metals:emission_co2e_co2_inen_nbmass_recycled_paper:emission_co2e_co2_inen_nbmass_recycled_plastic:emission_co2e_co2_inen_nbmass_recycled_rubber_and_leather:emission_co2e_co2_inen_nbmass_recycled_textiles:emission_co2e_co2_inen_nbmass_recycled_wood:emission_co2e_co2_inen_nbmass_rubber_and_leather:emission_co2e_co2_inen_nbmass_textiles:emission_co2e_co2_inen_nbmass_wood,,,
inen,ch4,Energy,EN - Manufacturing/Construction,EN - Manufacturing/Construction:CH4,EN - Manufacturing/Construction:CH4,17:inen:ch4,emission_co2e_ch4_inen_agriculture_and_livestock:emission_co2e_ch4_inen_cement:emission_co2e_ch4_inen_chemicals:emission_co2e_ch4_inen_electronics:emission_co2e_ch4_inen_glass:emission_co2e_ch4_inen_lime_and_carbonite:emission_co2e_ch4_inen_metals:emission_co2e_ch4_inen_mining:emission_co2e_ch4_inen_other_product_manufacturing:emission_co2e_ch4_inen_paper:emission_co2e_ch4_inen_plastic:emission_co2e_ch4_inen_recycled_glass:emission_co2e_ch4_inen_recycled_metals:emission_co2e_ch4_inen_recycled_paper:emission_co2e_ch4_inen_recycled_plastic:emission_co2e_ch4_inen_recycled_rubber_and_leather:emission_co2e_ch4_inen_recycled_textiles:emission_co2e_ch4_inen_recycled_wood:emission_co2e_ch4_inen_rubber_and_leather:emission_co2e_ch4_inen_textiles,,,
inen,n2o,Energy,EN - Manufacturing/Construction,EN - Manufacturing/Construction:N2O,EN - Manufacturing/Construction:N2O,18:inen:n2o,emission_co2e_n2o_inen_agriculture_and_livestock:emission_co2e_n2o_inen_cement:emission_co2e_n2o_inen_chemicals:emission_co2e_n2o_inen_electronics:emission_co2e_n2o_inen_glass:emission_co2e_n2o_inen_lime_and_carbonite:emission_co2e_n2o_inen_metals:emission_co2e_n2o_inen_mining:emission_co2e_n2o_inen_other_product_manufacturing:emission_co2e_n2o_inen_paper:emission_co2e_n2o_inen_plastic:emission_co2e_n2o_inen_recycled_glass:emission_co2e_n2o_inen_recycled_metals:emission_co2e_n2o_inen_recycled_paper:emission_co2e_n2o_inen_recycled_plastic:emission_co2e_n2o_inen_recycled_rubber_and_leather:emission_co2e_n2o_inen_recycled_textiles:emission_co2e_n2o_inen_recycled_wood:emission_co2e_n2o_inen_rubber_and_leather:emission_co2e_n2o_inen_textiles,,,
trns,co2,Energy,EN - Transportation,EN - Transportation:CO2,EN - Transportation:CO2,19:trns:co2,emission_co2e_co2_trns_aviation:emission_co2e_co2_trns_human_powered:emission_co2e_co2_trns_powered_bikes:emission_co2e_co2_trns_public:emission_co2e_co2_trns_rail_freight:emission_co2e_co2_trns_rail_passenger:emission_co2e_co2_trns_road_heavy_freight:emission_co2e_co2_trns_road_heavy_regional:emission_co2e_co2_trns_road_light:emission_co2e_co2_trns_water_borne,,,
trns,ch4,Energy,EN - Transportation,EN - Transportation:CH4,EN - Transportation:CH4,20:trns:ch4,emission_co2e_ch4_trns_aviation:emission_co2e_ch4_trns_human_powered:emission_co2e_ch4_trns_powered_bikes:emission_co2e_ch4_trns_public:emission_co2e_ch4_trns_rail_freight:emission_co2e_ch4_trns_rail_passenger:emission_co2e_ch4_trns_road_heavy_freight:emission_co2e_ch4_trns_road_heavy_regional:emission_co2e_ch4_trns_road_light:emission_co2e_ch4_trns_water_borne,,,
trns,n2o,Energy,EN - Transportation,EN - Transportation:N2O,EN - Transportation:N2O,21:trns:n2o,emission_co2e_n2o_trns_aviation:emission_co2e_n2o_trns_human_powered:emission_co2e_n2o_trns_powered_bikes:emission_co2e_n2o_trns_public:emission_co2e_n2o_trns_rail_freight:emission_co2e_n2o_trns_rail_passenger:emission_co2e_n2o_trns_road_heavy_freight:emission_co2e_n2o_trns_road_heavy_regional:emission_co2e_n2o_trns_road_light:emission_co2e_n2o_trns_water_borne,,,
ippu,co2,Industrial Processes,IN - Industrial Processes,IN - Industrial Processes:CO2,IN - Industrial Processes:CO2,22:ippu:co2,emission_co2e_co2_ippu_product_use_product_use_lubricants:emission_co2e_co2_ippu_product_use_product_use_other:emission_co2e_co2_ippu_product_use_product_use_paraffin_wax:emission_co2e_co2_ippu_production_cement:emission_co2e_co2_ippu_production_chemicals:emission_co2e_co2_ippu_production_glass:emission_co2e_co2_ippu_production_lime_and_carbonite:emission_co2e_co2_ippu_production_metals:emission_co2e_co2_ippu_production_paper:emission_co2e_co2_ippu_production_plastic:emission_co2e_co2_ippu_production_product_use_lubricants:emission_co2e_co2_ippu_production_product_use_paraffin_wax,,,
ippu,ch4,Industrial Processes,IN - Industrial Processes,IN - Industrial Processes:CH4,IN - Industrial Processes:CH4,23:ippu:ch4,emission_co2e_ch4_ippu_production_chemicals:emission_co2e_ch4_ippu_production_metals:emission_co2e_ch4_ippu_production_paper:emission_co2e_ch4_ippu_production_plastic,,,
ippu,n2o,Industrial Processes,IN - Industrial Processes,IN - Industrial Processes:N2O,IN - Industrial Processes:N2O,24:ippu:n2o,emission_co2e_n2o_ippu_production_chemicals:emission_co2e_n2o_ippu_production_other_product_manufacturing:emission_co2e_n2o_ippu_production_paper:emission_co2e_n2o_ippu_production_plastic,,,
ippu,c2f6,Industrial Processes,IN - Industrial Processes,IN - Industrial Processes:HFC,IN - Industrial Processes:HFC,25:ippu:c2f6,emission_co2e_c2f6_ippu_product_use_product_use_ods_other:emission_co2e_c2f6_ippu_production_chemicals:emission_co2e_c2f6_ippu_production_electronics:emission_co2e_c2f6_ippu_production_metals,1,,
ippu,c2h3f3,Industrial Processes,IN - Industrial Processes,IN - Industrial Processes:HFC,IN - Industrial Processes:HFC,26:ippu:c2h3f3,emission_co2e_c2h3f3_ippu_product_use_product_use_ods_refrigeration:emission_co2e_c2h3f3_ippu_production_chemicals,1,,
ippu,c2hf5,Industrial Processes,IN - Industrial Processes,IN - Industrial Processes:HFC,IN - Industrial Processes:HFC,27:ippu:c2hf5,emission_co2e_c2hf5_ippu_product_use_product_use_ods_other:emission_co2e_c2hf5_ippu_product_use_product_use_ods_refrigeration:emission_co2e_c2hf5_ippu_production_chemicals,1,,
ippu,c3f8,Industrial Processes,IN - Industrial Processes,IN - Industrial Processes:HFC,IN - Industrial Processes:HFC,28:ippu:c3f8,emission_co2e_c3f8_ippu_production_chemicals:emission_co2e_c3f8_ippu_production_electronics,1,,
ippu,c3h2f6,Industrial Processes,IN - Industrial Processes,IN - Industrial Processes:HFC,IN - Industrial Processes:HFC,29:ippu:c3h2f6,emission_co2e_c3h2f6_ippu_product_use_product_use_ods_other:emission_co2e_c3h2f6_ippu_product_use_product_use_ods_refrigeration,1,,
ippu,c3h3f5,Industrial Processes,IN - Industrial Processes,IN - Industrial Processes:HFC,IN - Industrial Processes:HFC,30:ippu:c3h3f5,emission_co2e_c3h3f5_ippu_product_use_product_use_ods_other:emission_co2e_c3h3f5_ippu_product_use_product_use_ods_refrigeration,1,,
ippu,c3hf7,Industrial Processes,IN - Industrial Processes,IN - Industrial Processes:HFC,IN - Industrial Processes:HFC,31:ippu:c3hf7,emission_co2e_c3hf7_ippu_product_use_product_use_ods_other:emission_co2e_c3hf7_ippu_product_use_product_use_ods_refrigeration:emission_co2e_c3hf7_ippu_production_chemicals,1,,
ippu,c4f10,Industrial Processes,IN - Industrial Processes,IN - Industrial Processes:HFC,IN - Industrial Processes:HFC,32:ippu:c4f10,emission_co2e_c4f10_ippu_product_use_product_use_ods_other:emission_co2e_c4f10_ippu_production_chemicals,1,,
ippu,c4f6,Industrial Processes,IN - Industrial Processes,IN - Industrial Processes:HFC,IN - Industrial Processes:HFC,33:ippu:c4f6,emission_co2e_c4f6_ippu_production_electronics,1,,
ippu,c4h5f5,Industrial Processes,IN - Industrial Processes,IN - Industrial Processes:HFC,IN - Industrial Processes:HFC,34:ippu:c4h5f5,emission_co2e_c4h5f5_ippu_product_use_product_use_ods_other:emission_co2e_c4h5f5_ippu_production_chemicals,1,,
ippu,c5f12,Industrial Processes,IN - Industrial Processes,IN - Industrial Processes:HFC,IN - Industrial Processes:HFC,35:ippu:c5f12,emission_co2e_c5f12_ippu_production_chemicals,1,,
ippu,c5f8,Industrial Processes,IN - Industrial Processes,IN - Industrial Processes:HFC,IN - Industrial Processes:HFC,36:ippu:c5f8,emission_co2e_c5f8_ippu_production_electronics,1,,
ippu,c5h2f10,Industrial Processes,IN - Industrial Processes,IN - Industrial Processes:HFC,IN - Industrial Processes:HFC,37:ippu:c5h2f10,emission_co2e_c5h2f10_ippu_product_use_product_use_ods_other,1,,
ippu,c6f14,Industrial Processes,IN - Industrial Processes,IN - Industrial Processes:HFC,IN - Industrial Processes:HFC,38:ippu:c6f14,emission_co2e_c6f14_ippu_product_use_product_use_ods_other:emission_co2e_c6f14_ippu_production_chemicals,1,,
ippu,cc4f8,Industrial Processes,IN - Industrial Processes,IN - Industrial Processes:HFC,IN - Industrial Processes:HFC,39:ippu:cc4f8,emission_co2e_cc4f8_ippu_production_chemicals:emission_co2e_cc4f8_ippu_production_electronics,1,,
ippu,cf4,Industrial Processes,IN - Industrial Processes,IN - Industrial Processes:HFC,IN - Industrial Processes:HFC,40:ippu:cf4,emission_co2e_cf4_ippu_product_use_product_use_ods_other:emission_co2e_cf4_ippu_production_chemicals:emission_co2e_cf4_ippu_production_electronics:emission_co2e_cf4_ippu_production_metals,1,,
ippu,ch2f2,Industrial Processes,IN - Industrial Processes,IN - Industrial Processes:HFC,IN - Industrial Processes:HFC,41:ippu:ch2f2,emission_co2e_ch2f2_ippu_product_use_product_use_ods_refrigeration:emission_co2e_ch2f2_ippu_production_chemicals:emission_co2e_ch2f2_ippu_production_electronics,1,,
ippu,ch2fchf2,Industrial Processes,IN - Industrial Processes,IN - Industrial Processes:HFC,IN - Industrial Processes:HFC,42:ippu:ch2fchf2,emission_co2e_ch2fchf2_ippu_product_use_product_use_ods_other,1,,
ippu,ch3cci2f,Industrial Processes,IN - Industrial Processes,IN - Industrial Processes:HFC,IN - Industrial Processes:HFC,43:ippu:ch3cci2f,emission_co2e_ch3cci2f_ippu_product_use_product_use_ods_other,1,,
ippu,ch3ccif2,Industrial Processes,IN - Industrial Processes,IN - Industrial Processes:HFC,IN - Industrial Processes:HFC,44:ippu:ch3ccif2,emission_co2e_ch3ccif2_ippu_product_use_product_use_ods_other,1,,
ippu,ch3chf2,Industrial Processes,IN - Industrial Processes,IN - Industrial Processes:HFC,IN - Industrial Processes:HFC,45:ippu:ch3chf2,emission_co2e_ch3chf2_ippu_product_use_product_use_ods_other:emission_co2e_ch3chf2_ippu_product_use_product_use_ods_refrigeration:emission_co2e_ch3chf2_ippu_production_chemicals,1,,
ippu,ch3f,Industrial Processes,IN - Industrial Processes,IN - Industrial Processes:HFC,IN - Industrial Processes:HFC,46:ippu:ch3f,emission_co2e_ch3f_ippu_production_electronics,1,,
ippu,chf2cf3,Industrial Processes,IN - Industrial Processes,IN - Industrial Processes:HFC,IN - Industrial Processes:HFC,47:ippu:chf2cf3,emission_co2e_chf2cf3_ippu_product_use_product_use_ods_other:emission_co2e_chf2cf3_ippu_product_use_product_use_ods_refrigeration:emission_co2e_chf2cf3_ippu_production_chemicals,1,,
ippu,chf2chf2,Industrial Processes,IN - Industrial Processes,IN - Industrial Processes:HFC,IN - Industrial Processes:HFC,48:ippu:chf2chf2,emission_co2e_chf2chf2_ippu_product_use_product_use_ods_other,1,,
ippu,chf3,Industrial Processes,IN - Industrial Processes,IN - Industrial Processes:HFC,IN - Industrial Processes:HFC,49:ippu:chf3,emission_co2e_chf3_ippu_product_use_product_use_ods_other:emission_co2e_chf3_ippu_product_use_product_use_ods_refrigeration:emission_co2e_chf3_ippu_production_chemicals:emission_co2e_chf3_ippu_production_electronics,1,,
ippu,hfcs,Industrial Processes,IN - Industrial Processes,IN - Industrial Processes:HFC,IN - Industrial Processes:HFC,50:ippu:hfcs,emission_co2e_hfcs_ippu_product_use_product_use_ods_other:emission_co2e_hfcs_ippu_product_use_product_use_ods_refrigeration:emission_co2e_hfcs_ippu_production_chemicals:emission_co2e_hfcs_ippu_production_electronics:emission_co2e_hfcs_ippu_production_metals,,"NOTE: can pick this set (HFCs aggregate) or split the individual gasses. Seems to me just calibrating on this makes the most sense, I think we have HFCs, PFCs, and other fluorinated compounds each with their own trajectory groups",
ippu,other_fcs,Industrial Processes,IN - Industrial Processes,IN - Industrial Processes:HFC,IN - Industrial Processes:HFC,51:ippu:other_fcs,emission_co2e_other_fcs_ippu_product_use_product_use_ods_other:emission_co2e_other_fcs_ippu_production_chemicals:emission_co2e_other_fcs_ippu_production_electronics,,NOTE: these aren't HFCs,
ippu,pfcs,Industrial Processes,IN - Industrial Processes,IN - Industrial Processes:PFC,IN - Industrial Processes:PFC,52:ippu:pfcs,emission_co2e_pfcs_ippu_product_use_product_use_ods_other:emission_co2e_pfcs_ippu_production_chemicals:emission_co2e_pfcs_ippu_production_electronics:emission_co2e_pfcs_ippu_production_other_product_manufacturing,,,
ippu,sf6,Industrial Processes,IN - Industrial Processes,IN - Industrial Processes:SF6,IN - Industrial Processes:SF6,53:ippu:sf6,emission_co2e_sf6_ippu_production_chemicals:emission_co2e_sf6_ippu_production_electronics:emission_co2e_sf6_ippu_production_metals:emission_co2e_sf6_ippu_production_other_product_manufacturing,,,
waso,co2,Waste,Waste - Solid Waste,Waste - Solid Waste:CO2,Waste - Solid Waste:CO2,54:waso:co2,emission_co2e_co2_waso_incineration,,,
waso,ch4,Waste,Waste - Solid Waste,Waste - Solid Waste:CH4,Waste - Solid Waste:CH4,55:waso:ch4,emission_co2e_ch4_waso_biogas_food:emission_co2e_ch4_waso_biogas_sludge:emission_co2e_ch4_waso_biogas_yard:emission_co2e_ch4_waso_compost_food:emission_co2e_ch4_waso_compost_sludge:emission_co2e_ch4_waso_compost_yard:emission_co2e_ch4_waso_incineration:emission_co2e_ch4_waso_landfilled_chemical_industrial:emission_co2e_ch4_waso_landfilled_food:emission_co2e_ch4_waso_landfilled_glass:emission_co2e_ch4_waso_landfilled_metal:emission_co2e_ch4_waso_landfilled_nappies:emission_co2e_ch4_waso_landfilled_other:emission_co2e_ch4_waso_landfilled_paper:emission_co2e_ch4_waso_landfilled_plastic:emission_co2e_ch4_waso_landfilled_rubber_leather:emission_co2e_ch4_waso_landfilled_sludge:emission_co2e_ch4_waso_landfilled_textiles:emission_co2e_ch4_waso_landfilled_wood:emission_co2e_ch4_waso_landfilled_yard:emission_co2e_ch4_waso_open_dump_chemical_industrial:emission_co2e_ch4_waso_open_dump_food:emission_co2e_ch4_waso_open_dump_glass:emission_co2e_ch4_waso_open_dump_metal:emission_co2e_ch4_waso_open_dump_nappies:emission_co2e_ch4_waso_open_dump_other:emission_co2e_ch4_waso_open_dump_paper:emission_co2e_ch4_waso_open_dump_plastic:emission_co2e_ch4_waso_open_dump_rubber_leather:emission_co2e_ch4_waso_open_dump_sludge:emission_co2e_ch4_waso_open_dump_textiles:emission_co2e_ch4_waso_open_dump_wood:emission_co2e_ch4_waso_open_dump_yard,,,
waso,n2o,Waste,Waste - Solid Waste,Waste - Solid Waste:N2O,Waste - Solid Waste:N2O,56:waso:n2o,emission_co2e_n2o_waso_compost_food:emission_co2e_n2o_waso_compost_sludge:emission_co2e_n2o_waso_compost_yard:emission_co2e_n2o_waso_incineration,,,
trww,ch4,Waste,Waste - Wastewater Treatment,Waste - Wastewater Treatment:CH4,Waste - Wastewater Treatment:CH4,57:trww:ch4,emission_co2e_ch4_trww_treated_advanced_aerobic_treatment:emission_co2e_ch4_trww_treated_advanced_anaerobic_treatment:emission_co2e_ch4_trww_treated_latrine_improved_treatment:emission_co2e_ch4_trww_treated_latrine_unimproved_treatment:emission_co2e_ch4_trww_treated_primary_treatment:emission_co2e_ch4_trww_treated_secondary_aerobic_treatment:emission_co2e_ch4_trww_treated_secondary_anaerobic_treatment:emission_co2e_ch4_trww_treated_septic_treatment:emission_co2e_ch4_trww_untreated_no_sewerage_treatment:emission_co2e_ch4_trww_untreated_with_sewerage_treatment,,,
trww,n2o,Waste,Waste - Wastewater Treatment,Waste - Wastewater Treatment:N2O,Waste - Wastewater Treatment:N2O,58:trww:n2o,emission_co2e_n2o_trww_treated_advanced_aerobic_effluent:emission_co2e_n2o_trww_treated_advanced_aerobic_treatment:emission_co2e_n2o_trww_treated_advanced_anaerobic_effluent:emission_co2e_n2o_trww_treated_advanced_anaerobic_treatment:emission_co2e_n2o_trww_treated_latrine_improved_effluent:emission_co2e_n2o_trww_treated_latrine_improved_treatment:emission_co2e_n2o_trww_treated_latrine_unimproved_effluent:emission_co2e_n2o_trww_treated_latrine_unimproved_treatment:emission_co2e_n2o_trww_treated_primary_effluent:emission_co2e_n2o_trww_treated_primary_treatment:emission_co2e_n2o_trww_treated_secondary_aerobic_effluent:emission_co2e_n2o_trww_treated_secondary_aerobic_treatment:emission_co2e_n2o_trww_treated_secondary_anaerobic_effluent:emission_co2e_n2o_trww_treated_secondary_anaerobic_treatment:emission_co2e_n2o_trww_treated_septic_effluent:emission_co2e_n2o_trww_treated_septic_treatment:emission_co2e_n2o_trww_untreated_no_sewerage_effluent:emission_co2e_n2o_trww_untreated_no_sewerage_treatment:emission_co2e_n2o_trww_untreated_with_sewerage_effluent:emission_co2e_n2o_trww_untreated_with_sewerage_treatment,,,
frst,co2,"Land Use, Land Use Change, and Forestry",LULUCF - Forest Land,LULUCF - Forest Land Removals,LULUCF - Forest Land:CO2,59:frst:co2,emission_co2e_co2_entc_bmass_processing_and_refinement_fp_hydrogen_gasification:emission_co2e_co2_entc_generation_pp_biomass:emission_co2e_co2_frst_forest_fires:emission_co2e_co2_inen_bmass_agriculture_and_livestock:emission_co2e_co2_inen_bmass_cement:emission_co2e_co2_inen_bmass_chemicals:emission_co2e_co2_inen_bmass_electronics:emission_co2e_co2_inen_bmass_glass:emission_co2e_co2_inen_bmass_lime_and_carbonite:emission_co2e_co2_inen_bmass_metals:emission_co2e_co2_inen_bmass_mining:emission_co2e_co2_inen_bmass_other_product_manufacturing:emission_co2e_co2_inen_bmass_paper:emission_co2e_co2_inen_bmass_plastic:emission_co2e_co2_inen_bmass_recycled_glass:emission_co2e_co2_inen_bmass_recycled_metals:emission_co2e_co2_inen_bmass_recycled_paper:emission_co2e_co2_inen_bmass_recycled_plastic:emission_co2e_co2_inen_bmass_recycled_rubber_and_leather:emission_co2e_co2_inen_bmass_recycled_textiles:emission_co2e_co2_inen_bmass_recycled_wood:emission_co2e_co2_inen_bmass_rubber_and_leather:emission_co2e_co2_inen_bmass_textiles:emission_co2e_co2_inen_bmass_wood:emission_co2e_co2_scoe_bmass_commercial_municipal:emission_co2e_co2_scoe_bmass_other_se:emission_co2e_co2_scoe_bmass_residential,,,
frst,co2,"Land Use, Land Use Change, and Forestry",LULUCF - Forest Land,LULUCF - Forest Land Sequestration,LULUCF - Forest Land:CO2,60:frst:co2,emission_co2e_co2_frst_sequestration_mangroves:emission_co2e_co2_frst_sequestration_primary:emission_co2e_co2_frst_sequestration_secondary,,,
frst,ch4,"Land Use, Land Use Change, and Forestry",LULUCF - Forest Land,LULUCF - Forest Land,LULUCF - Forest Land:CH4,61:frst:ch4,emission_co2e_ch4_frst_methane_mangroves:emission_co2e_ch4_frst_methane_primary:emission_co2e_ch4_frst_methane_secondary,,,
frst,co2,"Land Use, Land Use Change, and Forestry",LULUCF - HWP,LULUCF - HWP,LULUCF - HWP:CO2,62:frst:co2,emission_co2e_co2_frst_harvested_wood_products,,,
lndu,co2,"Land Use, Land Use Change, and Forestry",LULUCF - Deforestation,LULUCF - Deforestation:CO2,LULUCF - Deforestation:CO2,63:lndu:co2,emission_co2e_co2_lndu_conversion_forests_mangroves_to_croplands:emission_co2e_co2_lndu_conversion_forests_mangroves_to_flooded:emission_co2e_co2_lndu_conversion_forests_mangroves_to_forests_mangroves:emission_co2e_co2_lndu_conversion_forests_mangroves_to_forests_primary:emission_co2e_co2_lndu_conversion_forests_mangroves_to_forests_secondary:emission_co2e_co2_lndu_conversion_forests_mangroves_to_grasslands:emission_co2e_co2_lndu_conversion_forests_mangroves_to_other:emission_co2e_co2_lndu_conversion_forests_mangroves_to_pastures:emission_co2e_co2_lndu_conversion_forests_mangroves_to_settlements:emission_co2e_co2_lndu_conversion_forests_mangroves_to_shrublands:emission_co2e_co2_lndu_conversion_forests_mangroves_to_wetlands:emission_co2e_co2_lndu_conversion_forests_primary_to_croplands:emission_co2e_co2_lndu_conversion_forests_primary_to_flooded:emission_co2e_co2_lndu_conversion_forests_primary_to_forests_mangroves:emission_co2e_co2_lndu_conversion_forests_primary_to_forests_primary:emission_co2e_co2_lndu_conversion_forests_primary_to_forests_secondary:emission_co2e_co2_lndu_conversion_forests_primary_to_grasslands:emission_co2e_co2_lndu_conversion_forests_primary_to_other:emission_co2e_co2_lndu_conversion_forests_primary_to_pastures:emission_co2e_co2_lndu_conversion_forests_primary_to_settlements:emission_co2e_co2_lndu_conversion_forests_primary_to_shrublands:emission_co2e_co2_lndu_conversion_forests_primary_to_wetlands:emission_co2e_co2_lndu_conversion_forests_secondary_to_croplands:emission_co2e_co2_lndu_conversion_forests_secondary_to_flooded:emission_co2e_co2_lndu_conversion_forests_secondary_to_forests_mangroves:emission_co2e_co2_lndu_conversion_forests_secondary_to_forests_primary:emission_co2e_co2_lndu_conversion_forests_secondary_to_forests_secondary:emission_co2e_co2_lndu_conversion_forests_secondary_to_grasslands:emission_co2e_co2_lndu_conversion_forests_secondary_to_other:emission_co2e_co2_lndu_conversion_forests_secondary_to_pastures:emission_co2e_co2_lndu_conversion_forests_secondary_to_settlements:emission_co2e_co2_lndu_conversion_forests_secondary_to_shrublands:emission_co2e_co2_lndu_conversion_forests_secondary_to_wetlands,,,
lndu,ch4,"Land Use, Land Use Change, and Forestry",LULUCF - Deforestation,LULUCF - Deforestation:CH4,LULUCF - Deforestation:CH4,64:lndu:ch4,emission_co2e_ch4_lndu_wetlands,,"we don't have any ch4 conversion emissions, we should ignore. I suspect these are associated with burning biomass to convert. ",1
lndu,co2,"Land Use, Land Use Change, and Forestry",LULUCF - Other Land,LULUCF - Other Land:CO2,LULUCF - Other Land:CO2,65:lndu:co2,emission_co2e_co2_lndu_conversion_croplands_to_croplands:emission_co2e_co2_lndu_conversion_croplands_to_flooded:emission_co2e_co2_lndu_conversion_croplands_to_forests_mangroves:emission_co2e_co2_lndu_conversion_croplands_to_forests_primary:emission_co2e_co2_lndu_conversion_croplands_to_forests_secondary:emission_co2e_co2_lndu_conversion_croplands_to_grasslands:emission_co2e_co2_lndu_conversion_croplands_to_other:emission_co2e_co2_lndu_conversion_croplands_to_pastures:emission_co2e_co2_lndu_conversion_croplands_to_settlements:emission_co2e_co2_lndu_conversion_croplands_to_shrublands:emission_co2e_co2_lndu_conversion_croplands_to_wetlands:emission_co2e_co2_lndu_conversion_flooded_to_croplands:emission_co2e_co2_lndu_conversion_flooded_to_flooded:emission_co2e_co2_lndu_conversion_flooded_to_forests_mangroves:emission_co2e_co2_lndu_conversion_flooded_to_forests_primary:emission_co2e_co2_lndu_conversion_flooded_to_forests_secondary:emission_co2e_co2_lndu_conversion_flooded_to_grasslands:emission_co2e_co2_lndu_conversion_flooded_to_other:emission_co2e_co2_lndu_conversion_flooded_to_pastures:emission_co2e_co2_lndu_conversion_flooded_to_settlements:emission_co2e_co2_lndu_conversion_flooded_to_shrublands:emission_co2e_co2_lndu_conversion_flooded_to_wetlands:emission_co2e_co2_lndu_conversion_grasslands_to_croplands:emission_co2e_co2_lndu_conversion_grasslands_to_flooded:emission_co2e_co2_lndu_conversion_grasslands_to_forests_mangroves:emission_co2e_co2_lndu_conversion_grasslands_to_forests_primary:emission_co2e_co2_lndu_conversion_grasslands_to_forests_secondary:emission_co2e_co2_lndu_conversion_grasslands_to_grasslands:emission_co2e_co2_lndu_conversion_grasslands_to_other:emission_co2e_co2_lndu_conversion_grasslands_to_pastures:emission_co2e_co2_lndu_conversion_grasslands_to_settlements:emission_co2e_co2_lndu_conversion_grasslands_to_shrublands:emission_co2e_co2_lndu_conversion_grasslands_to_wetlands:emission_co2e_co2_lndu_conversion_other_to_croplands:emission_co2e_co2_lndu_conversion_other_to_flooded:emission_co2e_co2_lndu_conversion_other_to_forests_mangroves:emission_co2e_co2_lndu_conversion_other_to_forests_primary:emission_co2e_co2_lndu_conversion_other_to_forests_secondary:emission_co2e_co2_lndu_conversion_other_to_grasslands:emission_co2e_co2_lndu_conversion_other_to_other:emission_co2e_co2_lndu_conversion_other_to_pastures:emission_co2e_co2_lndu_conversion_other_to_settlements:emission_co2e_co2_lndu_conversion_other_to_shrublands:emission_co2e_co2_lndu_conversion_other_to_wetlands:emission_co2e_co2_lndu_conversion_pastures_to_croplands:emission_co2e_co2_lndu_conversion_pastures_to_flooded:emission_co2e_co2_lndu_conversion_pastures_to_forests_mangroves:emission_co2e_co2_lndu_conversion_pastures_to_forests_primary:emission_co2e_co2_lndu_conversion_pastures_to_forests_secondary:emission_co2e_co2_lndu_conversion_pastures_to_grasslands:emission_co2e_co2_lndu_conversion_pastures_to_other:emission_co2e_co2_lndu_conversion_pastures_to_pastures:emission_co2e_co2_lndu_conversion_pastures_to_settlements:emission_co2e_co2_lndu_conversion_pastures_to_shrublands:emission_co2e_co2_lndu_conversion_pastures_to_wetlands:emission_co2e_co2_lndu_conversion_settlements_to_croplands:emission_co2e_co2_lndu_conversion_settlements_to_flooded:emission_co2e_co2_lndu_conversion_settlements_to_forests_mangroves:emission_co2e_co2_lndu_conversion_settlements_to_forests_primary:emission_co2e_co2_lndu_conversion_settlements_to_forests_secondary:emission_co2e_co2_lndu_conversion_settlements_to_grasslands:emission_co2e_co2_lndu_conversion_settlements_to_other:emission_co2e_co2_lndu_conversion_settlements_to_pastures:emission_co2e_co2_lndu_conversion_settlements_to_settlements:emission_co2e_co2_lndu_conversion_settlements_to_shrublands:emission_co2e_co2_lndu_conversion_settlements_to_wetlands:emission_co2e_co2_lndu_conversion_shrublands_to_croplands:emission_co2e_co2_lndu_conversion_shrublands_to_flooded:emission_co2e_co2_lndu_conversion_shrublands_to_forests_mangroves:emission_co2e_co2_lndu_conversion_shrublands_to_forests_primary:emission_co2e_co2_lndu_conversion_shrublands_to_forests_secondary:emission_co2e_co2_lndu_conversion_shrublands_to_grasslands:emission_co2e_co2_lndu_conversion_shrublands_to_other:emission_co2e_co2_lndu_conversion_shrublands_to_pastures:emission_co2e_co2_lndu_conversion_shrublands_to_settlements:emission_co2e_co2_lndu_conversion_shrublands_to_shrublands:emission_co2e_co2_lndu_conversion_shrublands_to_wetlands:emission_co2e_co2_lndu_conversion_wetlands_to_croplands:emission_co2e_co2_lndu_conversion_wetlands_to_flooded:emission_co2e_co2_lndu_conversion_wetlands_to_forests_mangroves:emission_co2e_co2_lndu_conversion_wetlands_to_forests_primary:emission_co2e_co2_lndu_conversion_wetlands_to_forests_secondary:emission_co2e_co2_lndu_conversion_wetlands_to_grasslands:emission_co2e_co2_lndu_conversion_wetlands_to_other:emission_co2e_co2_lndu_conversion_wetlands_to_pastures:emission_co2e_co2_lndu_conversion_wetlands_to_settlements:emission_co2e_co2_lndu_conversion_wetlands_to_shrublands:emission_co2e_co2_lndu_conversion_wetlands_to_wetlands:emission_co2e_co2_lndu_biomass_sequestration_grasslands:emission_co2e_co2_lndu_biomass_sequestration_other:emission_co2e_co2_lndu_biomass_sequestration_pastures:emission_co2e_co2_lndu_biomass_sequestration_settlements:emission_co2e_co2_lndu_biomass_sequestration_shrublands:emission_co2e_co2_lndu_biomass_sequestration_wetlands,,,1
soil,co2,"Land Use, Land Use Change, and Forestry",LULUCF - Organic Soil,LULUCF - Organic Soil:CO2,LULUCF - Organic Soil:CO2,66:soil:co2,emission_co2e_co2_soil_lime_use:emission_co2e_co2_soil_soc_mineral_soils:emission_co2e_co2_soil_urea_use:emission_co2e_co2_lndu_drained_organic_soils_pastures,,,
soil,n2o,"Land Use, Land Use Change, and Forestry",LULUCF - Organic Soil,LULUCF - Organic Soil:N2O,LULUCF - Organic Soil:N2O,67:soil:n2o,emission_co2e_n2o_soil_fertilizer:emission_co2e_n2o_soil_mineral_soils:emission_co2e_n2o_soil_organic_soils:emission_co2e_n2o_soil_paddock_pasture_range,,,
ccsq,ch4,CCSQ,CCSQ,CCSQ:CH4,CCSQ:CH4,68:ccsq:ch4,emission_co2e_ch4_ccsq_direct_air_capture,,,
ccsq,co2,CCSQ,CCSQ,CCSQ:CO2,CCSQ:CO2,69:ccsq:co2,emission_co2e_co2_ccsq_direct_air_capture,,,
ccsq,n2o,CCSQ,CCSQ,CCSQ:N2O,CCSQ:N2O,70:ccsq:n2o,emission_co2e_n2o_ccsq_direct_air_capture,,,
ippu,nf3,UNACCOUNTED,UNACCOUNTED,UNACCOUNTED,UNACCOUNTED,UNACCOUNTED,emission_co2e_nf3_ippu_production_chemicals:emission_co2e_nf3_ippu_production_electronics,,No NF3 emissions appear to be in Edgar,1