Variable Type,Variable,Information,Variable Schema,Categories,Reference,Default Value,Default LHS Scalar Minimum at Final Time Period,Default LHS Scalar Maximum at Final Time Period,Simplex Group,Abbreviation Subsector,Emissions Total by Gas Component,``$CAT-FUEL$``,IPCC Emissions Sector Codes,IPCC Equation Reference,Notes
Input,:math:`\text{CH}_4` Fuel Production NemoMod EmissionsActivityRatio, | Ratio of emissions of :math:`\text{CH}_4` to energy produced.,"``nemomod_entc_emissions_activity_ratio_fuel_production_$CAT-TECHNOLOGY$_$UNIT-MASS$_$EMISSION-GAS$_per_$UNIT-ENERGY$`` (``$EMISSION-GAS$ = ch4``, ``$UNIT-ENERGY$ = tj``, ``$UNIT-MASS$ = tonne``)",``fp_natural_gas``|``fp_natural_gas_liquefaction``|``fp_petroleum_refinement``,,0,1,1,,none,0,none,,,
Input,:math:`\text{CH}_4` NemoMod EmissionsActivityRatio Scalar,Scalar applied to the stationary combustion emission factor associated with a power technology's fuel. Can be used to represent carbon capture or other reductions in emissions not associated with efficiency improvements. ,``nemomod_entc_emissions_activity_ratio_scalar_$CAT-TECHNOLOGY$_$EMISSION-GAS$`` (``$EMISSION-GAS$ = ch4``),``pp_biogas``|``pp_biomass``|``pp_coal``|``pp_coal_ccs``|``pp_gas``|``pp_gas_ccs``|``pp_geothermal``|``pp_hydropower``|``pp_nuclear``|``pp_ocean``|``pp_oil``|``pp_solar``|``pp_waste_incineration``|``pp_wind``,,1,1,1,,none,0,none,,,
Input,:math:`\text{CO}_2` Fuel Production NemoMod EmissionsActivityRatio, | Ratio of emissions of :math:`\text{CO}_2` to energy produced.,"``nemomod_entc_emissions_activity_ratio_fuel_production_$CAT-TECHNOLOGY$_$UNIT-MASS$_$EMISSION-GAS$_per_$UNIT-ENERGY$`` (``$EMISSION-GAS$ = co2``, ``$UNIT-ENERGY$ = tj``, ``$UNIT-MASS$ = tonne``)",``fp_hydrogen_gasification``|``fp_hydrogen_reformation``|``fp_hydrogen_reformation_ccs``|``fp_natural_gas``|``fp_natural_gas_liquefaction``|``fp_petroleum_refinement``,,0,1,1,,none,0,none,,,
Input,:math:`\text{CO}_2` NemoMod EmissionsActivityRatio Scalar,Scalar applied to the stationary combustion emission factor associated with a power technology's fuel. Can be used to represent carbon capture or other reductions in emissions not associated with efficiency improvements. ,``nemomod_entc_emissions_activity_ratio_scalar_$CAT-TECHNOLOGY$_$EMISSION-GAS$`` (``$EMISSION-GAS$ = co2``),``fp_hydrogen_reformation_ccs``|``pp_biogas``|``pp_biomass``|``pp_coal``|``pp_coal_ccs``|``pp_gas``|``pp_gas_ccs``|``pp_geothermal``|``pp_hydropower``|``pp_nuclear``|``pp_ocean``|``pp_oil``|``pp_solar``|``pp_waste_incineration``|``pp_wind``,,1,1,1,,none,0,none,,,
Input,:math:`\text{N}_2\text{O}` Fuel Production NemoMod EmissionsActivityRatio, | Ratio of emissions of :math:`\text{N}_2\text{O}` to energy produced.,"``nemomod_entc_emissions_activity_ratio_fuel_production_$CAT-TECHNOLOGY$_$UNIT-MASS$_$EMISSION-GAS$_per_$UNIT-ENERGY$`` (``$EMISSION-GAS$ = n2o``, ``$UNIT-ENERGY$ = tj``, ``$UNIT-MASS$ = tonne``)",``fp_natural_gas``|``fp_natural_gas_liquefaction``|``fp_petroleum_refinement``,,0,1,1,,none,0,none,,,
Input,:math:`\text{N}_2\text{O}` NemoMod EmissionsActivityRatio Scalar,Scalar applied to the stationary combustion emission factor associated with a power technology's fuel. Can be used to represent carbon capture or other reductions in emissions not associated with efficiency improvements. ,``nemomod_entc_emissions_activity_ratio_scalar_$CAT-TECHNOLOGY$_$EMISSION-GAS$`` (``$EMISSION-GAS$ = n2o``),``pp_biogas``|``pp_biomass``|``pp_coal``|``pp_coal_ccs``|``pp_gas``|``pp_gas_ccs``|``pp_geothermal``|``pp_hydropower``|``pp_nuclear``|``pp_ocean``|``pp_oil``|``pp_solar``|``pp_waste_incineration``|``pp_wind``,,1,1,1,,none,0,none,,,
Input,Carbon Capture Achievement Fraction," | This variable is used to interpolate between variable values for technologies with and without CCS to represent achievement levels at some fraction between no CCS and the level specified in the CCS. For example, if the CCS technology represents an effectiveness of 90%, then the CCS Acheivement Fraction can be specifed at 0.5 to represent a system with average CCS effectiveness of 0.45. This fraction is entered as an association with the **CCS associated technology** (e.g., for the pair ``pp_coal`` and ``pp_coal_ccs``, it is entered in association with the ``pp_coal_ccs`` variable).
 | 
 | **NOTE**: this variable **does not** modify the prevalence (uptake) of CCS. It only modifies traits of CCS technologies, including the following variables:
* EmissionsActivityRatios (CCS reduces emissions per unit of input energy
* OutputActivityRatios (CCS reduces output per unit of energy due to on-site energy use increase)
* NemoMod Capital Cost (CCS generally increases costs)
* NemoMod Fixed Cost (CCS generally increases costs)

",``frac_entc_ccs_achievement_$CAT_TECHNOLOGY$``,``fp_hydrogen_reformation_ccs``|``pp_coal_ccs``|``pp_gas_ccs``,,1,1,1,,none,0,none,,,
Input,Fuel Production NemoMod InputActivityRatio Biomass," | Input activity ratio of biomass deposits for a fuel production technology (can be combined with other input fuels). 
 | 
 | **NOTE**: biomass InputActivityRatio can be assumed to be similar to coal for gasification. 
 | 
 | The total input energy to a technology comes from the combination of all input fuel input activity ratios.",``nemomod_entc_input_activity_ratio_fuel_production_$CAT-TECHNOLOGY$_biomass``,``fp_hydrogen_gasification``,,0,1,1,,none,0,``fuel_biomass``,,,
Input,Fuel Production NemoMod InputActivityRatio Coal," | Input activity ratio of coal deposits for a fuel production technology (can be combined with other input fuels).
 | 
 | The total input energy to a technology comes from the combination of all input fuel input activity ratios.",``nemomod_entc_input_activity_ratio_fuel_production_$CAT-TECHNOLOGY$_coal``,``fp_hydrogen_gasification``,,0,1,1,,none,0,``fuel_coal``,,,
Input,Fuel Production NemoMod InputActivityRatio Coal Deposits," | Input activity ratio of coal deposits for a fuel production technology (can be combined with other input fuels).
 | 
 | The total input energy to a technology comes from the combination of all input fuel input activity ratios.",``nemomod_entc_input_activity_ratio_fuel_production_$CAT-TECHNOLOGY$_coal_deposits``,``me_coal``,,0,1,1,,none,0,``fuel_coal_deposits``,,,
Input,Fuel Production NemoMod InputActivityRatio Crude," | Input activity ratio of crude for a fuel production technology (can be combined with other input fuels).
 | 
 | The total input energy to a technology comes from the combination of all input fuel input activity ratios.",``nemomod_entc_input_activity_ratio_fuel_production_$CAT-TECHNOLOGY$_crude``,``fp_petroleum_refinement``,,0,1,1,,none,0,``fuel_crude``,,,
Input,Fuel Production NemoMod InputActivityRatio Diesel," | Input activity ratio of diesel for a fuel production technology (can be combined with other input fuels).
 | 
 | The total input energy to a technology comes from the combination of all input fuel input activity ratios.",``nemomod_entc_input_activity_ratio_fuel_production_$CAT-TECHNOLOGY$_diesel``,``me_coal``|``me_natural_gas``|``me_crude``,,0,1,1,,none,0,``fuel_diesel``,,,
Input,Fuel Production NemoMod InputActivityRatio Electricity," | Input activity ratio of electricity for a fuel production technology (can be combined with other input fuels).
 | 
 | The total input energy to a technology comes from the combination of all input fuel input activity ratios.",``nemomod_entc_input_activity_ratio_fuel_production_$CAT-TECHNOLOGY$_electricity``,``fp_ammonia_production``|``fp_hydrogen_electrolysis``|``fp_hydrogen_gasification``|``fp_hydrogen_reformation``|``fp_hydrogen_reformation_ccs``|``fp_natural_gas``|``fp_natural_gas_liquefaction``|``fp_petroleum_refinement``|``me_coal``|``me_natural_gas``|``me_crude``,,0,1,1,,none,0,``fuel_electricity``,,,
Input,Fuel Production NemoMod InputActivityRatio Gasoline," | Input activity ratio of gasoline for a fuel production technology (can be combined with other input fuels).
 | 
 | The total input energy to a technology comes from the combination of all input fuel input activity ratios.",``nemomod_entc_input_activity_ratio_fuel_production_$CAT-TECHNOLOGY$_gasoline``,``me_coal``|``me_natural_gas``|``me_crude``,,0,1,1,,none,0,``fuel_gasoline``,,,
Input,Fuel Production NemoMod InputActivityRatio Hydrogen," | Input activity ratio of gasoline for a fuel production technology (can be combined with other input fuels).
 | 
 | The total input energy to a technology comes from the combination of all input fuel input activity ratios.",``nemomod_entc_input_activity_ratio_fuel_production_$CAT-TECHNOLOGY$_hydrogen``,``fp_ammonia_production``,,0,1,1,,none,0,``fuel_hydrogen``,,,
Input,Fuel Production NemoMod InputActivityRatio Natural Gas," | Input activity ratio of natural gas for a fuel production technology (can be combined with other input fuels).
 | 
 | The total input energy to a technology comes from the combination of all input fuel input activity ratios.",``nemomod_entc_input_activity_ratio_fuel_production_$CAT-TECHNOLOGY$_natural_gas``,``fp_hydrogen_reformation``|``fp_hydrogen_reformation_ccs``|``fp_natural_gas_liquefaction``|``me_coal``|``me_natural_gas``|``me_crude``,,0,1,1,,none,0,``fuel_natural_gas``,,,
Input,Fuel Production NemoMod InputActivityRatio Natural Gas Unprocessed," | Input activity ratio of unprocessed natural gas for a fuel production technology (can be combined with other input fuels).
 | 
 | The total input energy to a technology comes from the combination of all input fuel input activity ratios.",``nemomod_entc_input_activity_ratio_fuel_production_$CAT-TECHNOLOGY$_natural_gas_unprocessed``,``fp_natural_gas``,,0,1,1,,none,0,``fuel_natural_gas_unprocessed``,,,
Input,Fuel Production NemoMod InputActivityRatio Oil," | Input activity ratio of oil for a fuel production technology (can be combined with other input fuels).
 | 
 | The total input energy to a technology comes from the combination of all input fuel input activity ratios.",``nemomod_entc_input_activity_ratio_fuel_production_$CAT-TECHNOLOGY$_oil``,``fp_hydrogen_reformation``|``fp_hydrogen_reformation_ccs``|``me_coal``|``me_natural_gas``|``me_crude``,,0,1,1,,none,0,``fuel_oil``,,,
Input,Fuel Production NemoMod InputActivityRatio Water," | Input activity ratio of water for a fuel production technology (can be combined with other input fuels).
 | 
 | The total input energy to a technology comes from the combination of all input fuel input activity ratios.",``nemomod_entc_input_activity_ratio_fuel_production_$CAT-TECHNOLOGY$_water``,``fp_hydrogen_electrolysis``,,0,1,1,,none,0,``fuel_water``,,,
Input,Fuel Production NemoMod OutputActivityRatio Ammonia," | Output activity ratio of hydrogen produced by a fuel production technology (can be combined with other output fuels).
 | 
 | The total output energy from a technology comes from the combination of all output fuel input activity ratios.",``nemomod_entc_output_activity_ratio_fuel_production_$CAT-TECHNOLOGY$_ammonia``,``fp_ammonia_production``,,1,1,1,,none,0,``fuel_ammonia``,,,
Input,Fuel Production NemoMod OutputActivityRatio Coal," | Output activity ratio of coal produced by a fuel production technology (can be combined with other output fuels).
 | 
 | The total output energy from a technology comes from the combination of all output fuel input activity ratios.",``nemomod_entc_output_activity_ratio_fuel_production_$CAT-TECHNOLOGY$_coal``,``me_coal``,,1,1,1,,none,0,``fuel_coal``,,,
Input,Fuel Production NemoMod OutputActivityRatio Crude," | Output activity ratio of crude produced by a fuel production technology (can be combined with other output fuels).
 | 
 | The total output energy from a technology comes from the combination of all output fuel input activity ratios.",``nemomod_entc_output_activity_ratio_fuel_production_$CAT-TECHNOLOGY$_crude``,``me_crude``,,1,1,1,,none,0,``fuel_crude``,,,
Input,Fuel Production NemoMod OutputActivityRatio Diesel," | Output activity ratio of diesel produced by a fuel production technology (can be combined with other output fuels).
 | 
 | The total output energy from a technology comes from the combination of all output fuel input activity ratios.",``nemomod_entc_output_activity_ratio_fuel_production_$CAT-TECHNOLOGY$_diesel``,``fp_petroleum_refinement``,,1,1,1,,none,0,``fuel_diesel``,,,
Input,Fuel Production NemoMod OutputActivityRatio Gasoline," | Output activity ratio of gasoline produced by a fuel production technology (can be combined with other output fuels).
 | 
 | The total output energy from a technology comes from the combination of all output fuel input activity ratios.",``nemomod_entc_output_activity_ratio_fuel_production_$CAT-TECHNOLOGY$_gasoline``,``fp_petroleum_refinement``,,1,1,1,,none,0,``fuel_gasoline``,,,
Input,Fuel Production NemoMod OutputActivityRatio Hydrocarbon Gas Liquids," | Output activity ratio of hydocarbon gas liquids produced by a fuel production technology (can be combined with other output fuels).
 | 
 | The total output energy from a technology comes from the combination of all output fuel input activity ratios.",``nemomod_entc_output_activity_ratio_fuel_production_$CAT-TECHNOLOGY$_hydrocarbon_gas_liquids``,``fp_natural_gas``|``fp_petroleum_refinement``,,1,1,1,,none,0,``fuel_hydrocarbon_gas_liquids``,,,
Input,Fuel Production NemoMod OutputActivityRatio Hydrogen," | Output activity ratio of hydrogen produced by a fuel production technology (can be combined with other output fuels).
 | 
 | The total output energy from a technology comes from the combination of all output fuel input activity ratios.",``nemomod_entc_output_activity_ratio_fuel_production_$CAT-TECHNOLOGY$_hydrogen``,``fp_hydrogen_electrolysis``|``fp_hydrogen_gasification``|``fp_hydrogen_reformation``|``fp_hydrogen_reformation_ccs``,,1,1,1,,none,0,``fuel_hydrogen``,,,
Input,Fuel Production NemoMod OutputActivityRatio Kerosene," | Output activity ratio of kerosene produced by a fuel production technology (can be combined with other output fuels).
 | 
 | The total output energy from a technology comes from the combination of all output fuel input activity ratios.",``nemomod_entc_output_activity_ratio_fuel_production_$CAT-TECHNOLOGY$_kerosene``,``fp_petroleum_refinement``,,1,1,1,,none,0,``fuel_kerosene``,,,
Input,Fuel Production NemoMod OutputActivityRatio Liquid Natural Gas," | Output activity ratio of liquid natural gas produced by a fuel production technology (can be combined with other output fuels).
 | 
 | The total output energy from a technology comes from the combination of all output fuel input activity ratios.",``nemomod_entc_output_activity_ratio_fuel_production_$CAT-TECHNOLOGY$_natural_gas_unprocessed``,``fp_natural_gas_liquefaction``,,1,1,1,,none,0,``fuel_natural_gas_liquid``,,,
Input,Fuel Production NemoMod OutputActivityRatio Natural Gas," | Output activity ratio of natural gas produced by a fuel production technology (can be combined with other output fuels).
 | 
 | The total output energy from a technology comes from the combination of all output fuel input activity ratios.",``nemomod_entc_output_activity_ratio_fuel_production_$CAT-TECHNOLOGY$_natural_gas``,``fp_natural_gas``,,1,1,1,,none,0,``fuel_natural_gas``,,,
Input,Fuel Production NemoMod OutputActivityRatio Natural Gas Unprocessed," | Output activity ratio of unprocessed natural gas produced by a fuel production technology (can be combined with other output fuels).
 | 
 | The total output energy from a technology comes from the combination of all output fuel input activity ratios.",``nemomod_entc_output_activity_ratio_fuel_production_$CAT-TECHNOLOGY$_natural_gas_unprocessed``,``me_natural_gas``,,1,1,1,,none,0,``fuel_natural_gas_unprocessed``,,,
Input,Fuel Production NemoMod OutputActivityRatio Oil," | Output activity ratio of oil produced by a fuel production technology (can be combined with other output fuels).
 | 
 | The total output energy from a technology comes from the combination of all output fuel input activity ratios.",``nemomod_entc_output_activity_ratio_fuel_production_$CAT-TECHNOLOGY$_oil``,``fp_petroleum_refinement``,,1,1,1,,none,0,``fuel_oil``,,,
Input,Grid Power System Investment Constraint," | Total capital investment capacity constraint (custom) placed on the construction of new grid electricity power plants and storage systems.
 | 
 | To specify none, enter -999",``nemomod_entc_grid_power_constraint_$UNIT-MONETARY$`` (``$UNIT-MONETARY$ = mmm_usd``),none,,-999,1,1,,none,0,none,,,
Input,Maximum Production Increase Fraction to Satisfy MinShareProduction Electricity," | Maximum increase in future electricity production--estimated as the fraction of estimated production total at **first last period :math:`= -999`. Set to 0 to stop new technologies from being constructed to increase  ``NemoMod MinShareProduction`` constraints. 
 | 
 | **CAUTION**: ``Maximum Production Increase Fraction to Satisfy MinShareProduction`` can conflict with other constraints in the model, including ``TotalAnnualMinCapacityInvestment`` and ``TotalAnnualMaxCapacity``; take care to avoid specifying conflicting constratints. SISEPUEDE works to prioritize constraints in the presence of conflicts, but infeasibilities may still occur.
 | 
 | **CAUTION**: Avoid implementing this constraint for all technologies if ``NemoMod MinShareProduction`` is used to control the implementation of a baseline. 
 | 
 | **NOTE**: This variable will **not** prevent the construction of new technologies to maintain capacity at the last time period where == 0 (where this is no limit imposed).
 | 
 | **NOTE**: This constraint modifies the ``NemoMod MinShareProduction`` constraints in response to changing energy demands; it relies on estimates of energy demands from all non-ENTC sectors and may show slight errors relative to true energy demand. ",``frac_entc_max_elec_production_increase_to_satisfy_msp_$CAT-TECHNOLOGY$``,``pp_biogas``|``pp_biomass``|``pp_coal``|``pp_coal_ccs``|``pp_gas``|``pp_gas_ccs``|``pp_geothermal``|``pp_hydropower``|``pp_nuclear``|``pp_ocean``|``pp_oil``|``pp_solar``|``pp_waste_incineration``|``pp_wind``,,0,1,1,,none,0,``fuel_electricity``,,,
Input,NemoMod AvailabilityFactor Scalar,Scalar--applied to all time slices--applied to a technology's availability factor.,``nemomod_entc_scalar_availability_factor_$CAT-TECHNOLOGY$``,``pp_biogas``|``pp_biomass``|``pp_coal``|``pp_coal_ccs``|``pp_gas``|``pp_gas_ccs``|``pp_geothermal``|``pp_hydropower``|``pp_nuclear``|``pp_ocean``|``pp_oil``|``pp_solar``|``pp_waste_incineration``|``pp_wind``,,1,1,1,,none,0,none,,,
Input,NemoMod CapitalCost,Cost to build a unit of capacity for the specified technology,"``nemomod_entc_capital_cost_$CAT-TECHNOLOGY$_$UNIT-MONETARY$_per_$UNIT-POWER$`` (``$UNIT-MONETARY$ = mm_usd``, ``$UNIT-POWER$ = gw``)",``fp_ammonia_production``|``fp_hydrogen_electrolysis``|``fp_hydrogen_gasification``|``fp_hydrogen_reformation``|``fp_hydrogen_reformation_ccs``|``fp_natural_gas_liquefaction``|``pp_biogas``|``pp_biomass``|``pp_coal``|``pp_coal_ccs``|``pp_gas``|``pp_gas_ccs``|``pp_geothermal``|``pp_hydropower``|``pp_nuclear``|``pp_ocean``|``pp_oil``|``pp_solar``|``pp_waste_incineration``|``pp_wind``,,0,1,1,,none,0,none,,," | See the `EIA <https://www.eia.gov/outlooks/aeo/assumptions/pdf/table_8.2.pdf>`_ or `Mongird et al. (2020) <https://www.mdpi.com/1996-1073/13/13/3307>`_ for some starting default costs (2022).
 | 
 | `Jarrar, Ayadi, and Asfar (2020) <http://dx.doi.org/10.13044/j.sdewes.d7.0302>`_ provide some cost estimates for biogas plants."
Input,NemoMod FixedCost,Fixed annual operating and maintenance costs per unit of power.,"``nemomod_entc_fixed_cost_$CAT-TECHNOLOGY$_$UNIT-MONETARY$_per_$UNIT-POWER$`` (``$UNIT-MONETARY$ = mm_usd``, ``$UNIT-POWER$ = gw``)",``fp_ammonia_production``|``fp_hydrogen_electrolysis``|``fp_hydrogen_gasification``|``fp_hydrogen_reformation``|``fp_hydrogen_reformation_ccs``|``fp_natural_gas_liquefaction``|``pp_biogas``|``pp_biomass``|``pp_coal``|``pp_coal_ccs``|``pp_gas``|``pp_gas_ccs``|``pp_geothermal``|``pp_hydropower``|``pp_nuclear``|``pp_ocean``|``pp_oil``|``pp_solar``|``pp_waste_incineration``|``pp_wind``,,0,1,1,,none,0,none,,,See the `EIA <https://www.eia.gov/outlooks/aeo/assumptions/pdf/table_8.2.pdf>`_ or `Mongird et al. (2020) <https://www.mdpi.com/1996-1073/13/13/3307>`_  for some starting default costs (2022).
Input,NemoMod MinShareProduction," | According to `NemoMod <https://sei-international.github.io/NemoMod.jl/stable/parameters/#MinShareProduction>`_ , the ``MinShareProduction`` variable defines, ""[f]or the specified region, fuel, and year, minimum fraction of production (excluding production from storage) that must be delivered by the indicated technology.""
 | 
 | Spcified as fraction of production, i.e., :math:`x \in [0, 1]`
 | 
 | Can be used with electricity generation technologies (``pp_``) or select fuel production technologies (``fp_``). Note that each of these technologies produces exactly **one** fuel.
 | 
 | **CAUTION**: ``MinShareProduction`` can interact with other constraints, such as ``REMinProductionTarget`` (see ENFU), ``TotalAnnualMaxCapacity``, ``TotalAnnualMaxCapacityInvestment``; take care to avoid specifying conflicting constratints. SISEPUEDE works to prioritize constraints in the presence of conflicts, but infeasibilities may still occur.",``nemomod_entc_frac_min_share_production_$CAT-TECHNOLOGY$``,``fp_hydrogen_electrolysis``|``fp_hydrogen_gasification``|``fp_hydrogen_reformation``|``fp_hydrogen_reformation_ccs``|``pp_biogas``|``pp_biomass``|``pp_coal``|``pp_coal_ccs``|``pp_gas``|``pp_gas_ccs``|``pp_geothermal``|``pp_hydropower``|``pp_nuclear``|``pp_ocean``|``pp_oil``|``pp_solar``|``pp_waste_incineration``|``pp_wind``,,0,1,1,,none,0,none,,,
Input,NemoMod ReserveMarginTagTechnology,Fraction of technology's capacity that is available to reserve margin.,``nemomod_entc_reserve_margin_tag_technology_$CAT-TECHNOLOGY$``,``pp_biogas``|``pp_biomass``|``pp_coal``|``pp_coal_ccs``|``pp_gas``|``pp_gas_ccs``|``pp_geothermal``|``pp_hydropower``|``pp_nuclear``|``pp_ocean``|``pp_oil``|``pp_solar``|``pp_waste_incineration``|``pp_wind``|``st_batteries``|``st_compressed_air``|``st_flywheels``|``st_pumped_hydro``,,0,1,1,,none,0,none,,,
Input,NemoMod ResidualCapacity,Used to enter existing capacity **and** to represent its lifetime (declining availability).,``nemomod_entc_residual_capacity_$CAT-TECHNOLOGY$_$UNIT-POWER$`` (``$UNIT-POWER$ = gw``),``pp_biogas``|``pp_biomass``|``pp_coal``|``pp_coal_ccs``|``pp_gas``|``pp_gas_ccs``|``pp_geothermal``|``pp_hydropower``|``pp_nuclear``|``pp_ocean``|``pp_oil``|``pp_solar``|``pp_waste_incineration``|``pp_wind``,,0,1,1,,none,0,none,,,
Input,NemoMod RETagTechnology," | Fraction of a technology that counts as renewable or not. 
 | 
 | Only Nuclear is specified for now (others, such as wind, solar, ocean, and geothermal, are statically defined in the ``$CAT-TECHNOLOGY$`` attribute table). ",``nemomod_entc_renewable_energy_tag_$CAT-TECHNOLOGY$``,``pp_biogas``|``pp_biomass``|``pp_coal``|``pp_coal_ccs``|``pp_gas``|``pp_gas_ccs``|``pp_geothermal``|``pp_hydropower``|``pp_nuclear``|``pp_ocean``|``pp_oil``|``pp_solar``|``pp_waste_incineration``|``pp_wind``|``st_batteries``|``st_compressed_air``|``st_flywheels``|``st_pumped_hydro``,,0,1,1,,none,0,none,,,
Input,NemoMod TotalAnnualMaxCapacity," | Total annual maximum capacity for a generation technology. If none, enter -999 as a flag.. 
 | 
 | Exlucdes storage technologies.",``nemomod_entc_total_annual_max_capacity_$CAT-TECHNOLOGY$_$UNIT-POWER$`` (``$UNIT-POWER$ = gw``),``pp_biogas``|``pp_biomass``|``pp_coal``|``pp_coal_ccs``|``pp_gas``|``pp_gas_ccs``|``pp_geothermal``|``pp_hydropower``|``pp_nuclear``|``pp_ocean``|``pp_oil``|``pp_solar``|``pp_waste_incineration``|``pp_wind``,,0,1,1,,none,0,none,,,
Input,NemoMod TotalAnnualMaxCapacityInvestment," | Total annual maximum capacity investment, in units of power, for a generation technology (year-over-year maximum). If none, enter -999 as a flag.. 
 | 
 | Exlucdes storage technologies.",``nemomod_entc_total_annual_max_capacity_investment_$CAT-TECHNOLOGY$_$UNIT-POWER$`` (``$UNIT-POWER$ = gw``),``pp_biogas``|``pp_biomass``|``pp_coal``|``pp_coal_ccs``|``pp_gas``|``pp_gas_ccs``|``pp_geothermal``|``pp_hydropower``|``pp_nuclear``|``pp_ocean``|``pp_oil``|``pp_solar``|``pp_waste_incineration``|``pp_wind``,,0,1,1,,none,0,none,,,
Input,NemoMod TotalAnnualMinCapacity," | Total annual minimum capacity for a generation technology. If none, enter -999 as a flag.. 
 | 
 | Exlucdes storage technologies.",``nemomod_entc_total_annual_min_capacity_$CAT-TECHNOLOGY$_$UNIT-POWER$`` (``$UNIT-POWER$ = gw``),``pp_biogas``|``pp_biomass``|``pp_coal``|``pp_coal_ccs``|``pp_gas``|``pp_gas_ccs``|``pp_geothermal``|``pp_hydropower``|``pp_nuclear``|``pp_ocean``|``pp_oil``|``pp_solar``|``pp_waste_incineration``|``pp_wind``,,0,1,1,,none,0,none,,,
Input,NemoMod TotalAnnualMinCapacityInvestment," | Total annual minimum capacity investment, in units of power, for a generation technology (year-over-year maximum). If none, enter -999 as a flag..
 | 
 | Exlucdes storage technologies.
",``nemomod_entc_total_annual_min_capacity_investment_$CAT-TECHNOLOGY$_$UNIT-POWER$`` (``$UNIT-POWER$ = gw``),``pp_biogas``|``pp_biomass``|``pp_coal``|``pp_coal_ccs``|``pp_gas``|``pp_gas_ccs``|``pp_geothermal``|``pp_hydropower``|``pp_nuclear``|``pp_ocean``|``pp_oil``|``pp_solar``|``pp_waste_incineration``|``pp_wind``,,0,1,1,,none,0,none,,,
Input,NemoMod VariableCost," | According to `NemoMod <https://sei-international.github.io/NemoMod.jl/stable/parameters/#VariableCost>`_ , VariableCost is ""Running cost for a technology, defined in terms of cost per unit of nominal energy produced. Nominal energy is calculated by multiplying dispatched capacity by the length of time it is dispatched.""
 | 
 | In SISEPUEDE, all technologies (``pp_``) have variable costs associated with ``$MODE$ = generate``.","``nemomod_entc_variable_cost_$CAT-TECHNOLOGY$_$UNIT-MONETARY$_per_$UNIT-ENERGY$`` (``$UNIT-MONETARY$ = usd``, ``$UNIT-ENERGY$ = mwh``)",``pp_biogas``|``pp_biomass``|``pp_coal``|``pp_coal_ccs``|``pp_gas``|``pp_gas_ccs``|``pp_geothermal``|``pp_hydropower``|``pp_nuclear``|``pp_ocean``|``pp_oil``|``pp_solar``|``pp_waste_incineration``|``pp_wind``|``st_batteries``|``st_compressed_air``|``st_flywheels``|``st_pumped_hydro``,,0,1,1,,none,0,none,,,
Input,Technology Efficiency of Fuel Use,Used to calculate the NemoMod **InputActivityRatio**. Entered as efficiency to keep with other SISEPUEDE variables.,``efficfactor_entc_technology_fuel_use_$CAT-TECHNOLOGY$``,``pp_biogas``|``pp_biomass``|``pp_coal``|``pp_coal_ccs``|``pp_gas``|``pp_gas_ccs``|``pp_geothermal``|``pp_hydropower``|``pp_nuclear``|``pp_ocean``|``pp_oil``|``pp_solar``|``pp_waste_incineration``|``pp_wind``|``st_batteries``|``st_compressed_air``|``st_flywheels``|``st_pumped_hydro``,,0,1,1,,none,0,none,,, | See the `EIA <https://www.eia.gov/electricity/annual/html/epa_08_01.html>`_ for some default heat rates (:math:`1/efficiency`) in terms of Btu/kWh.
Output,NemoMod :math:`\text{CH}_4` Emissions from Electricity Generation,Taken from NemoMod variable **vannualemissions** and reported in configuration units emissions_mass.,``emission_co2e_$EMISSION-GAS$_entc_generation_$CAT-TECHNOLOGY$`` (``$EMISSION-GAS$ = ch4``),``pp_biogas``|``pp_biomass``|``pp_coal``|``pp_coal_ccs``|``pp_gas``|``pp_gas_ccs``|``pp_geothermal``|``pp_hydropower``|``pp_nuclear``|``pp_ocean``|``pp_oil``|``pp_solar``|``pp_waste_incineration``|``pp_wind``,,0,1,1,,none,1,none,1.A.1.a.i,,
Output,NemoMod :math:`\text{CH}_4` Emissions from Electricity Generation for CCSQ,,``emission_co2e_$EMISSION-GAS$_entc_generation_for_ccsq`` (``$EMISSION-GAS$ = ch4``),none,,0,1,1,,``ccsq``,0,none,,,
Output,NemoMod :math:`\text{CH}_4` Emissions from Electricity Generation for Energy Technology,,``emission_co2e_$EMISSION-GAS$_entc_generation_for_entc`` (``$EMISSION-GAS$ = ch4``),none,,0,1,1,,``entc``,0,none,,,
Output,NemoMod :math:`\text{CH}_4` Emissions from Electricity Generation for Export,,``emission_co2e_$EMISSION-GAS$_entc_generation_for_export`` (``$EMISSION-GAS$ = ch4``),none,,0,1,1,,none,0,none,,,
Output,NemoMod :math:`\text{CH}_4` Emissions from Electricity Generation for Industrial Energy,,``emission_co2e_$EMISSION-GAS$_entc_generation_for_inen`` (``$EMISSION-GAS$ = ch4``),none,,0,1,1,,``inen``,0,none,,,
Output,NemoMod :math:`\text{CH}_4` Emissions from Electricity Generation for SCOE,,``emission_co2e_$EMISSION-GAS$_entc_generation_for_scoe`` (``$EMISSION-GAS$ = ch4``),none,,0,1,1,,``scoe``,0,none,,,
Output,NemoMod :math:`\text{CH}_4` Emissions from Electricity Generation for Transportation,,``emission_co2e_$EMISSION-GAS$_entc_generation_for_trns`` (``$EMISSION-GAS$ = ch4``),none,,0,1,1,,``trns``,0,none,,,
Output,NemoMod :math:`\text{CH}_4` Emissions from Fuel Mining and Extraction,Taken from NemoMod variable **vannualemissions** and reported in configuration units emissions_mass.,``emission_co2e_$EMISSION-GAS$_entc_fuel_mining_and_extraction_$CAT-TECHNOLOGY$`` (``$EMISSION-GAS$ = ch4``),``me_coal``|``me_natural_gas``|``me_crude``,,0,1,1,,none,1,none,,,
Output,NemoMod :math:`\text{CH}_4` Emissions from Fuel Processing and Refinement,Taken from NemoMod variable **vannualemissions** and reported in configuration units emissions_mass.,``emission_co2e_$EMISSION-GAS$_entc_processing_and_refinement_$CAT-TECHNOLOGY$`` (``$EMISSION-GAS$ = ch4``),``fp_ammonia_production``|``fp_hydrogen_electrolysis``|``fp_hydrogen_gasification``|``fp_hydrogen_reformation``|``fp_hydrogen_reformation_ccs``|``fp_natural_gas``|``fp_natural_gas_liquefaction``|``fp_petroleum_refinement``,,0,1,1,,none,1,none,``fp_petroleum_refinement``: 1.A.1.b,,
Output,NemoMod :math:`\text{CO}_2` Emissions from Electricity Generation,Taken from NemoMod variable **vannualemissions** and reported in configuration units emissions_mass.,``emission_co2e_$EMISSION-GAS$_entc_generation_$CAT-TECHNOLOGY$`` (``$EMISSION-GAS$ = co2``),``pp_biogas``|``pp_biomass``|``pp_coal``|``pp_coal_ccs``|``pp_gas``|``pp_gas_ccs``|``pp_geothermal``|``pp_hydropower``|``pp_nuclear``|``pp_ocean``|``pp_oil``|``pp_solar``|``pp_waste_incineration``|``pp_wind``,,0,1,1,,none,1,none,1.A.1.a.i,,
Output,NemoMod :math:`\text{CO}_2` Emissions from Electricity Generation for CCSQ,,``emission_co2e_$EMISSION-GAS$_entc_generation_for_ccsq`` (``$EMISSION-GAS$ = co2``),none,,0,1,1,,``ccsq``,0,none,,,
Output,NemoMod :math:`\text{CO}_2` Emissions from Electricity Generation for Energy Technology,,``emission_co2e_$EMISSION-GAS$_entc_generation_for_entc`` (``$EMISSION-GAS$ = co2``),none,,0,1,1,,``entc``,0,none,,,
Output,NemoMod :math:`\text{CO}_2` Emissions from Electricity Generation for Export,,``emission_co2e_$EMISSION-GAS$_entc_generation_for_export`` (``$EMISSION-GAS$ = co2``),none,,0,1,1,,none,0,none,,,
Output,NemoMod :math:`\text{CO}_2` Emissions from Electricity Generation for Industrial Energy,,``emission_co2e_$EMISSION-GAS$_entc_generation_for_inen`` (``$EMISSION-GAS$ = co2``),none,,0,1,1,,``inen``,0,none,,,
Output,NemoMod :math:`\text{CO}_2` Emissions from Electricity Generation for SCOE,,``emission_co2e_$EMISSION-GAS$_entc_generation_for_scoe`` (``$EMISSION-GAS$ = co2``),none,,0,1,1,,``scoe``,0,none,,,
Output,NemoMod :math:`\text{CO}_2` Emissions from Electricity Generation for Transportation,,``emission_co2e_$EMISSION-GAS$_entc_generation_for_trns`` (``$EMISSION-GAS$ = co2``),none,,0,1,1,,``trns``,0,none,,,
Output,NemoMod :math:`\text{CO}_2` Emissions from Fuel Mining and Extraction,Taken from NemoMod variable **vannualemissions** and reported in configuration units emissions_mass.,``emission_co2e_$EMISSION-GAS$_entc_fuel_mining_and_extraction_$CAT-TECHNOLOGY$`` (``$EMISSION-GAS$ = co2``),``me_coal``|``me_natural_gas``|``me_crude``,,0,1,1,,none,1,none,,,
Output,NemoMod :math:`\text{CO}_2` Emissions from Fuel Processing and Refinement,Taken from NemoMod variable **vannualemissions** and reported in configuration units emissions_mass.,``emission_co2e_$EMISSION-GAS$_entc_processing_and_refinement_$CAT-TECHNOLOGY$`` (``$EMISSION-GAS$ = co2``),``fp_ammonia_production``|``fp_hydrogen_electrolysis``|``fp_hydrogen_gasification``|``fp_hydrogen_reformation``|``fp_hydrogen_reformation_ccs``|``fp_natural_gas``|``fp_natural_gas_liquefaction``|``fp_petroleum_refinement``,,0,1,1,,none,1,none,,,
Output,NemoMod :math:`\text{N}_2\text{O}` Emissions from Electricity Generation,Taken from NemoMod variable **vannualemissions** and reported in configuration units emissions_mass.,``emission_co2e_$EMISSION-GAS$_entc_generation_$CAT-TECHNOLOGY$`` (``$EMISSION-GAS$ = n2o``),``pp_biogas``|``pp_biomass``|``pp_coal``|``pp_coal_ccs``|``pp_gas``|``pp_gas_ccs``|``pp_geothermal``|``pp_hydropower``|``pp_nuclear``|``pp_ocean``|``pp_oil``|``pp_solar``|``pp_waste_incineration``|``pp_wind``,,0,1,1,,none,1,none,1.A.1.a.i,,
Output,NemoMod :math:`\text{N}_2\text{O}` Emissions from Electricity Generation for CCSQ,,``emission_co2e_$EMISSION-GAS$_entc_generation_for_ccsq`` (``$EMISSION-GAS$ = n2o``),none,,0,1,1,,``ccsq``,0,none,,,
Output,NemoMod :math:`\text{N}_2\text{O}` Emissions from Electricity Generation for Energy Technology,,``emission_co2e_$EMISSION-GAS$_entc_generation_for_entc`` (``$EMISSION-GAS$ = n2o``),none,,0,1,1,,``entc``,0,none,,,
Output,NemoMod :math:`\text{N}_2\text{O}` Emissions from Electricity Generation for Export,,``emission_co2e_$EMISSION-GAS$_entc_generation_for_export`` (``$EMISSION-GAS$ = n2o``),none,,0,1,1,,none,0,none,,,
Output,NemoMod :math:`\text{N}_2\text{O}` Emissions from Electricity Generation for Industrial Energy,,``emission_co2e_$EMISSION-GAS$_entc_generation_for_inen`` (``$EMISSION-GAS$ = n2o``),none,,0,1,1,,``inen``,0,none,,,
Output,NemoMod :math:`\text{N}_2\text{O}` Emissions from Electricity Generation for SCOE,,``emission_co2e_$EMISSION-GAS$_entc_generation_for_scoe`` (``$EMISSION-GAS$ = n2o``),none,,0,1,1,,``scoe``,0,none,,,
Output,NemoMod :math:`\text{N}_2\text{O}` Emissions from Electricity Generation for Transportation,,``emission_co2e_$EMISSION-GAS$_entc_generation_for_trns`` (``$EMISSION-GAS$ = n2o``),none,,0,1,1,,``trns``,0,none,,,
Output,NemoMod :math:`\text{N}_2\text{O}` Emissions from Fuel Mining and Extraction,Taken from NemoMod variable **vannualemissions** and reported in configuration units emissions_mass.,``emission_co2e_$EMISSION-GAS$_entc_fuel_mining_and_extraction_$CAT-TECHNOLOGY$`` (``$EMISSION-GAS$ = n2o``),``me_coal``|``me_natural_gas``|``me_crude``,,0,1,1,,none,1,none,,,
Output,NemoMod :math:`\text{N}_2\text{O}` Emissions from Fuel Processing and Refinement,Taken from NemoMod variable **vannualemissions** and reported in configuration units emissions_mass.,``emission_co2e_$EMISSION-GAS$_entc_processing_and_refinement_$CAT-TECHNOLOGY$`` (``$EMISSION-GAS$ = n2o``),``fp_ammonia_production``|``fp_hydrogen_electrolysis``|``fp_hydrogen_gasification``|``fp_hydrogen_reformation``|``fp_hydrogen_reformation_ccs``|``fp_natural_gas``|``fp_natural_gas_liquefaction``|``fp_petroleum_refinement``,,0,1,1,,none,1,none,,,
Output,NemoMod Discounted Capital Investment," | Discounted capital investment in new generation technologies (in configuration monetary_units).
 | 
 | NemoMod output variable **vdiscountedcapitalinvestment**",``nemomod_entc_discounted_capital_investment_$CAT-TECHNOLOGY$``,``fp_ammonia_production``|``fp_hydrogen_electrolysis``|``fp_hydrogen_gasification``|``fp_hydrogen_reformation``|``fp_hydrogen_reformation_ccs``|``fp_natural_gas_liquefaction``|``pp_biogas``|``pp_biomass``|``pp_coal``|``pp_coal_ccs``|``pp_gas``|``pp_gas_ccs``|``pp_geothermal``|``pp_hydropower``|``pp_nuclear``|``pp_ocean``|``pp_oil``|``pp_solar``|``pp_waste_incineration``|``pp_wind``,,0,1,1,,none,0,none,,,
Output,NemoMod Discounted Operating Costs," | Discounted operating (fixed and variable) costs by generation technology (in configuration monetary_units).
 | 
 | NemoMod variable **vdiscountedoperatingcost**",``nemomod_entc_discounted_operating_costs_$CAT-TECHNOLOGY$``,``fp_ammonia_production``|``fp_hydrogen_electrolysis``|``fp_hydrogen_gasification``|``fp_hydrogen_reformation``|``fp_hydrogen_reformation_ccs``|``fp_natural_gas_liquefaction``|``pp_biogas``|``pp_biomass``|``pp_coal``|``pp_coal_ccs``|``pp_gas``|``pp_gas_ccs``|``pp_geothermal``|``pp_hydropower``|``pp_nuclear``|``pp_ocean``|``pp_oil``|``pp_solar``|``pp_waste_incineration``|``pp_wind``,,0,1,1,,none,0,none,,,
Output,NemoMod Generation Capacity," | Total annual generation capacity (in configuration power_units).
 | 
 | NemoMod variable **vtotalcapacityannual**",``nemomod_entc_total_annual_generation_capacity_$CAT-TECHNOLOGY$``,``pp_biogas``|``pp_biomass``|``pp_coal``|``pp_coal_ccs``|``pp_gas``|``pp_gas_ccs``|``pp_geothermal``|``pp_hydropower``|``pp_nuclear``|``pp_ocean``|``pp_oil``|``pp_solar``|``pp_waste_incineration``|``pp_wind``|``st_batteries``|``st_compressed_air``|``st_flywheels``|``st_pumped_hydro``,,0,1,1,,none,0,none,,,
Output,NemoMod Production by Technology," | Production of electricity by generation technology (in configuration energy_units, [*not* energy_units_nemomod]).
 | 
 | NemoMod variable **vproductionbytechnologyannual**",``nemomod_entc_annual_production_by_technology_$CAT-TECHNOLOGY$``,``pp_biogas``|``pp_biomass``|``pp_coal``|``pp_coal_ccs``|``pp_gas``|``pp_gas_ccs``|``pp_geothermal``|``pp_hydropower``|``pp_nuclear``|``pp_ocean``|``pp_oil``|``pp_solar``|``pp_waste_incineration``|``pp_wind``|``st_batteries``|``st_compressed_air``|``st_flywheels``|``st_pumped_hydro``,,0,1,1,,none,0,none,,,